App,Rating,Reviews,Installs,Price,Last Updated,review_rating
Coloring book moana,6,967,500000,0,2936.0,0.2727272727272727
Garden Coloring Book,7,13791,1000000,0,2819.75,0.6
FlipaClip - Cartoon animation,7,194216,5000000,0,3137.5,1.0
Boys Photo Editor - Six Pack & Men's Suit,7,654,100000,0,3002.0,0.47368421052631576
Colorfit - Drawing & Coloring,8,20260,500000,0,2841.25,0.5526315789473685
Animated Photo Editor,7,203,100000,0,3003.0,0.4857142857142857
Anime Manga Coloring Book,7,5035,100000,0,3123.0,0.6666666666666666
Easy Origami Ideas,7,1015,100000,0,2927.0,0.17647058823529413
Floor Plan Creator,7,36639,5000000,0,3118.0,0.6216216216216216
"Canva: Poster, banner, card maker & graphic design",8,174531,10000000,0,3135.0,0.7105263157894737
CDL Practice Test 2018 Edition,8,7774,100000,0,3107.0,0.8333333333333334
Free VIN Report for Used Cars,8,2431,100000,0,3085.5,0.6571428571428571
DMV Permit Practice Test 2018 Edition,8,6090,100000,0,3107.0,0.8235294117647058
"Android Auto - Maps, Media, Messaging & Voice",7,271920,10000000,0,3115.0,0.9354838709677419
Best Car Wallpapers,7,994,100000,0,3009.0,0.0
BEST CAR SOUNDS,7,348,100000,0,3133.0,0.5945945945945946
Fuelio: Gas log & costs,8,65786,1000000,0,3136.5,0.7954545454545454
"BestCam Selfie-selfie, beauty camera, photo editor",6,1739,500000,0,3116.0,-0.04040404040404041
Hairstyles step by step,8,4369,100000,0,3129.0,0.7777777777777778
Filters for Selfie,7,8572,1000000,0,3053.0,0.23809523809523808
Beauty Camera - Selfie Camera,6,113715,10000000,0,2772.25,0.4166666666666667
Filters for B Live,7,2280,500000,0,3057.0,0.3
Dresses Ideas & Fashions +3000,7,473,100000,0,2617.75,0.7586206896551724
Amazon Kindle,7,814080,100000000,0,3131.0,0.27350427350427353
Cool Reader,7,246315,10000000,0,2025.25,0.34210526315789475
Dictionary - Merriam-Webster,7,454060,10000000,0,3061.0,0.5
Free Panda Radio Music,7,418,100000,0,3009.0,0.5
FBReader: Favorite Book Reader,7,203130,10000000,0,3101.5,0.5641025641025641
AlReader -any text book reader,8,90468,5000000,0,3070.0,0.46153846153846156
FamilySearch Tree,7,17506,1000000,0,3124.0,0.5666666666666667
Ebook Reader,7,85842,5000000,0,3098.5,0.717948717948718
All Maths Formulas,7,2709,1000000,0,3115.0,0.7575757575757576
Ancestry,7,64513,5000000,0,3135.0,0.6486486486486487
HTC Help,7,8342,10000000,0,2797.25,0.175
English-Myanmar Dictionary,7,8788,1000000,0,3132.0,0.7631578947368421
Golden Dictionary (EN-AR),7,51269,1000000,0,3123.0,0.5945945945945946
All Language Translator Free,7,30105,1000000,0,3133.0,0.8
Azpen eReader,5,156,500000,0,2966.5,0.4782608695652174
Google My Business,7,70991,5000000,0,3128.0,0.5128205128205128
Curriculum vitae App CV Builder Free Resume Maker,7,4458,500000,0,3112.0,0.7368421052631579
Google Primer,7,62272,10000000,0,3099.5,1.0
Facebook Pages Manager,6,1279184,50000000,0,3136.5,-0.058823529411764705
Box,7,159872,10000000,0,3135.0,0.5897435897435898
Call Blocker,8,188841,5000000,0,3094.5,-0.3333333333333333
Easy Installer - Apps On SD,7,23055,5000000,0,3081.5,0.0
Facebook Ads Manager,7,19023,1000000,0,3135.5,0.34285714285714286
Genius Scan - PDF Scanner,7,42492,1000000,0,3115.0,0.7692307692307693
Fast Scanner : Free PDF Scan,7,103755,10000000,0,3115.0,0.7702702702702703
Box,7,159872,10000000,0,3135.0,0.5897435897435898
Google Ads,7,29313,5000000,0,3134.0,0.3194444444444444
Google My Business,7,70991,5000000,0,3128.0,0.5128205128205128
FreshBooks Classic,7,1802,100000,0,3030.5,0.2727272727272727
HipChat - Chat Built for Teams,6,5868,500000,0,3107.0,-0.10606060606060606
Crew - Free Messaging and Scheduling,8,4159,500000,0,3124.0,0.85
Asana: organize team projects,7,20815,1000000,0,3130.0,0.6511627906976745
AdWords Express,7,7149,1000000,0,3135.0,0.36
Accounting App - Zoho Books,7,3079,100000,0,3136.5,0.704225352112676
Cisco Webex Meetings,7,108741,10000000,0,3124.0,0.28205128205128205
Cisco Webex Teams,7,1661,100000,0,3136.5,0.1
Box,7,159872,10000000,0,3135.0,0.5897435897435898
Google Ads,7,29313,5000000,0,3134.0,0.3194444444444444
Google My Business,7,70991,5000000,0,3128.0,0.5128205128205128
FreshBooks Classic,7,1802,100000,0,3030.5,0.2727272727272727
HipChat - Chat Built for Teams,6,5868,500000,0,3107.0,-0.10606060606060606
Crew - Free Messaging and Scheduling,8,4159,500000,0,3124.0,0.85
Asana: organize team projects,7,20815,1000000,0,3130.0,0.6511627906976745
AdWords Express,7,7149,1000000,0,3135.0,0.36
Accounting App - Zoho Books,7,3079,100000,0,3136.5,0.704225352112676
Genius Scan - PDF Scanner,7,42492,1000000,0,3115.0,0.7692307692307693
Fast Scanner : Free PDF Scan,7,103755,10000000,0,3115.0,0.7702702702702703
DC Comics,7,25671,1000000,0,3078.5,0.8888888888888888
"Best Wallpapers Backgrounds(100,000+ 4K HD)",8,3596,10000,0,3089.5,0.6
Gmail,7,4604324,1000000000,0,3136.5,0.171875
Hangouts,6,3419249,1000000000,0,3125.0,0.6491228070175439
Firefox Browser fast & private,7,3075028,100000000,0,3114.0,0.45161290322580644
Contacts,7,66602,50000000,0,3099.5,0.07894736842105263
Browser 4G,7,192948,10000000,0,3092.5,0.6470588235294118
Cricket Visual Voicemail,6,13698,10000000,0,3106.0,0.1
Firefox Focus: The privacy browser,7,36880,1000000,0,3110.0,0.78125
Google Voice,7,171031,10000000,0,3137.5,0.5
Chrome Dev,7,63543,5000000,0,3136.5,0.48717948717948717
Android Messages,7,781810,100000000,0,3135.5,0.16279069767441862
Google Duo - High Quality Video Calls,8,2083237,500000000,0,3135.0,0.7222222222222222
AT&T Visual Voicemail,6,13761,10000000,0,3100.5,0.08
GMX Mail,7,258556,10000000,0,3129.0,0.6666666666666666
Hangouts,6,3419433,1000000000,0,3125.0,0.6491228070175439
Calls & Text by Mo+,7,83239,5000000,0,3031.5,0.8333333333333334
Google Voice,7,171031,10000000,0,3137.5,0.5
"GO SMS Pro - Messenger, Free Themes, Emoji",7,2876500,100000000,0,3135.5,0.34615384615384615
Android Messages,7,781810,100000000,0,3135.5,0.16279069767441862
GroupMe,7,330761,10000000,0,3107.0,0.4358974358974359
BBM - Free Calls & Messages,7,12842860,100000000,0,3136.5,0.2857142857142857
Firefox Focus: The privacy browser,7,36893,1000000,0,3110.0,0.78125
2ndLine - Second Phone Number,7,15880,1000000,0,3137.5,0.25
Firefox Browser fast & private,7,3075118,100000000,0,3114.0,0.45161290322580644
"CM Browser - Ad Blocker , Fast Download , Privacy",8,2264916,50000000,0,3135.0,0.0
Contacts+,7,190613,10000000,0,3135.0,0.6842105263157895
ExDialer - Dialer & Contacts,7,125232,10000000,0,2621.75,0.5862068965517241
Calls & Text by Mo+,7,83239,5000000,0,3031.5,0.8333333333333334
Full Screen Caller ID,7,104990,5000000,0,3058.0,0.6451612903225806
Call Blocker,7,17529,1000000,0,3130.0,-0.3333333333333333
"CallApp: Caller ID, Blocker & Phone Call Recorder",7,483565,10000000,0,3133.0,1.0
CIA - Caller ID & Call Blocker,6,60308,5000000,0,3095.5,0.42857142857142855
Calls Blacklist - Call Blocker,7,457283,10000000,0,3067.0,0.3333333333333333
Call Control - Call Blocker,7,93825,5000000,0,3109.0,-0.3333333333333333
Burner - Free Phone Number,7,14873,1000000,0,3116.0,0.6666666666666666
Caller ID +,6,9498,1000000,0,2350.0,1.0
Gmail,7,4604483,1000000000,0,3136.5,0.171875
All Email Providers,7,20901,1000000,0,3015.5,0.2
GO Notifier,7,124346,10000000,0,1649.0,0.38235294117647056
Hangouts,6,3419513,1000000000,0,3125.0,0.6491228070175439
"Hily: Dating, Chat, Match, Meet & Hook up",7,2556,100000,0,3135.5,0.2647058823529412
Hinge: Dating & Relationships,7,7779,500000,0,3137.5,0.5797101449275363
BBW Dating & Plus Size Chat,7,12632,1000000,0,3131.0,0.3783783783783784
CMB Free Dating App,6,48845,1000000,0,3135.5,0.6901408450704225
Free Dating App & Flirt Chat - Match with Singles,7,172460,5000000,0,3138.5,0.45454545454545453
Black People Meet Singles Date,6,10212,1000000,0,3129.0,0.5357142857142857
Free Dating App & Flirt Chat - Cheers,7,667,10000,0,3137.5,0.4375
Free Dating Hook Up Messenger,5,1157,100000,0,2582.75,0.484375
BLK - Swipe. Match. Chat.,7,2067,100000,0,3129.0,0.575
Cougar Dating Life : Date Older Women Sugar Mummy,6,1643,500000,0,3107.0,0.5128205128205128
Free Dating & Flirt Chat - Choice of Love,6,42194,5000000,0,3128.0,-0.02857142857142857
BeWild Free Dating & Chat App,5,1999,100000,0,2589.25,0.6578947368421053
"FastMeet: Chat, Dating, Love",7,22544,1000000,0,3131.0,0.6133333333333333
"Free Dating App - YoCutie - Flirt, Chat & Meet",7,97684,1000000,0,3114.0,0.4576271186440678
Christian Dating For Free App,6,8722,500000,0,3093.5,0.3684210526315789
"Hide App, Private Dating, Safe Chat - PrivacyHider",7,35206,1000000,0,3064.0,-0.05660377358490566
Free Dating App - Meet Local Singles - Flirt Chat,7,825,100000,0,2919.25,-0.05970149253731343
"Chat Rooms, Avatars, Date - Galaxy",7,135418,10000000,0,3111.0,0.40540540540540543
BBWCupid - BBW Dating App,5,241,50000,0,3074.5,0.3076923076923077
ChatVideo Meet new people,7,63986,5000000,0,3074.0,0.4594594594594595
CMB Free Dating App,6,48845,1000000,0,3135.5,0.6901408450704225
"Hily: Dating, Chat, Match, Meet & Hook up",7,2556,100000,0,3135.5,0.2647058823529412
Hinge: Dating & Relationships,7,7779,500000,0,3137.5,0.5797101449275363
BBW Dating & Plus Size Chat,7,12632,1000000,0,3131.0,0.3783783783783784
"Herpes Dating: 1,000K+ Singles",6,738,10000,0,3135.5,0.40625
95Live -SG#1 Live Streaming App,7,4953,1000000,0,3135.5,0.1794871794871795
Cougar Dating Life : Date Older Women Sugar Mummy,6,1645,500000,0,3107.0,0.5128205128205128
2RedBeans,6,337,10000,0,3135.0,0.7435897435897436
"BiggerCity: Chat for gay bears, chubs & chasers",7,923,100000,0,3136.5,0.425
Herpes Positive Singles Dating,7,198,10000,0,3061.0,0.6428571428571429
"Chat Rooms, Avatars, Date - Galaxy",7,135420,10000000,0,3111.0,0.40540540540540543
"FastMeet: Chat, Dating, Love",7,22545,1000000,0,3131.0,0.6133333333333333
Christian Dating For Free App,6,8723,500000,0,3093.5,0.3684210526315789
BBW Dating & Curvy Singles Chat- LargeFriends,7,218,10000,0,3127.0,0.38666666666666666
"Hide App, Private Dating, Safe Chat - PrivacyHider",7,35205,1000000,0,3064.0,-0.05660377358490566
Hitwe - meet people and chat,7,243950,10000000,0,3053.0,-0.5555555555555556
FERZU - Furries Social Network,6,1576,10000,0,2967.5,0.3333333333333333
95Live -SG#1 Live Streaming App,7,4954,1000000,0,3135.5,0.1794871794871795
"Hily: Dating, Chat, Match, Meet & Hook up",7,2560,100000,0,3135.5,0.2647058823529412
Black People Meet Singles Date,6,10212,1000000,0,3129.0,0.5357142857142857
Free Dating & Flirt Chat - Choice of Love,6,42197,5000000,0,3128.0,-0.02857142857142857
BBW Dating & Plus Size Chat,7,12633,1000000,0,3131.0,0.3783783783783784
"2Date Dating App, Love and matching",7,41605,500000,0,3130.0,0.5
BBW Dating & Curvy Singles Chat- LargeFriends,7,218,10000,0,3127.0,0.38666666666666666
Free Dating App - Meet Local Singles - Flirt Chat,7,825,100000,0,2919.25,-0.05970149253731343
Free Live Talk-Video Call,8,158,10000,0,3109.0,-1.0
Free Dating Hook Up Messenger,5,1157,100000,0,2582.75,0.484375
"Free Dating App - YoCutie - Flirt, Chat & Meet",7,97699,1000000,0,3114.0,0.4576271186440678
Duolingo: Learn Languages Free,8,6289924,100000000,0,3135.5,0.6916666666666667
Flippy Campus - Buy & sell on campus at a discount,6,889,500000,0,2991.0,0.7647058823529411
ABC Preschool Free,6,27572,5000000,0,2855.25,0.3055555555555556
English with Lingualeo,8,254519,5000000,0,3124.0,0.375
Brilliant,7,41185,1000000,0,3137.5,0.5714285714285714
C++ Tutorials,7,358,50000,0,1694.5,0.8888888888888888
C++ Programming,7,11904,1000000,0,2060.75,0.3888888888888889
C Programming,7,22251,1000000,0,2005.75,0.8285714285714286
GMAT Question Bank,7,240,10000,0,1945.75,0.5882352941176471
GRE Tutor,6,275,50000,0,1432.25,0.7692307692307693
GRE Flashcards,7,13791,500000,0,3079.5,0.6666666666666666
GMAT Math Flashcards,7,1769,100000,0,3115.0,0.9166666666666666
GRE Prep & Practice by Magoosh,7,3963,100000,0,3079.5,0.75
Duolingo: Learn Languages Free,8,6290507,100000000,0,3135.5,0.6916666666666667
Brilliant,7,41185,1000000,0,3137.5,0.5714285714285714
Duolingo: Learn Languages Free,8,6290507,100000000,0,3135.5,0.6916666666666667
HomeWork,7,16195,1000000,0,2454.5,1.0
Common Core,6,835,100000,0,2546.0,0.0
Homework Planner,6,2525,100000,0,1836.25,0.7837837837837838
Edmodo,7,200058,10000000,0,3124.0,0.7428571428571429
Duolingo: Learn Languages Free,8,6290507,100000000,0,3135.5,0.6916666666666667
Canvas Student,7,42828,1000000,0,3124.0,0.25
EasyBib: Citation Generator,5,1405,100000,0,3011.0,0.13157894736842105
Hotstar,7,4885646,100000000,0,3137.5,0.0
H TV,7,103078,5000000,0,3109.0,0.5641025641025641
DStv Now,6,34923,5000000,0,3131.0,0.20512820512820512
BBC Media Player,5,87384,10000000,0,2448.5,0.041666666666666664
Amazon Prime Video,7,411683,50000000,0,3136.5,1.0
Cinemark Theatres,7,21867,1000000,0,3116.0,0.25
Fandango Movies - Times + Tickets,8,243747,10000000,0,3136.5,0.48484848484848486
Harkins Theatres,7,1511,100000,0,3084.5,0.2727272727272727
AMC Theatres,7,44550,1000000,0,3122.0,0.6666666666666666
Food Network,7,7813,500000,0,3131.0,0.09859154929577464
Cooking Channel,7,1033,100000,0,3131.0,0.6410256410256411
Animal Planet GO,7,2442,100000,0,3128.0,0.5238095238095238
Crunchyroll - Everything Anime,6,310066,10000000,0,2987.0,0.75
Acorn TV: World-class TV from Britain and Beyond,4,493,50000,0,3088.5,0.30434782608695654
HISTORY: Watch TV Show Full Episodes & Specials,7,33387,1000000,0,3120.0,0.639344262295082
FOX NOW - On Demand & Live TV,6,60841,5000000,0,3130.0,0.16363636363636364
A&E - Watch Full Episodes of TV Shows,6,29706,1000000,0,3120.0,0.7105263157894737
BET NOW - Watch Shows,7,14807,1000000,0,3112.0,0.08333333333333333
Comedy Central,6,22378,1000000,0,3112.0,0.375
Crunchyroll - Everything Anime,6,310095,10000000,0,2987.0,0.75
FOX NOW - On Demand & Live TV,6,60841,5000000,0,3130.0,0.16363636363636364
CW Seed,7,16372,500000,0,3122.0,0.5555555555555556
HISTORY: Watch TV Show Full Episodes & Specials,7,33387,1000000,0,3120.0,0.639344262295082
A&E - Watch Full Episodes of TV Shows,6,29706,1000000,0,3120.0,0.7105263157894737
BET NOW - Watch Shows,7,14807,1000000,0,3112.0,0.08333333333333333
HBO GO: Stream with TV Package,6,87723,10000000,0,3123.0,-0.44
FOX,6,197774,10000000,0,3098.5,0.28205128205128205
Crunchyroll - Everything Anime,6,310066,10000000,0,2987.0,0.75
Food Network,7,7813,500000,0,3131.0,0.09859154929577464
FOX NOW - On Demand & Live TV,6,60841,5000000,0,3130.0,0.16363636363636364
HISTORY: Watch TV Show Full Episodes & Specials,7,33387,1000000,0,3120.0,0.639344262295082
A&E - Watch Full Episodes of TV Shows,6,29706,1000000,0,3120.0,0.7105263157894737
Comedy Central,6,22378,1000000,0,3112.0,0.375
BET NOW - Watch Shows,7,14807,1000000,0,3112.0,0.08333333333333333
FOX,6,197774,10000000,0,3098.5,0.28205128205128205
Fandango Movies - Times + Tickets,8,243747,10000000,0,3136.5,0.48484848484848486
Funny Pics,6,9941,1000000,0,2745.75,0.8
Colorfy: Coloring Book for Adults - Free,7,787177,10000000,0,3093.5,0.2706766917293233
All Events in City,6,3782,100000,0,3085.5,0.92
DroidAdmin for Android - Advice,7,811,10000,0,3072.0,0.1282051282051282
Happy Birthday Songs Offline,7,464,100000,0,2895.25,0.7058823529411765
"Gametime - Tickets to Sports, Concerts, Theater",7,8800,1000000,0,3121.0,0.8378378378378378
Goldstar: Live Event Tickets,7,1953,100000,0,3135.5,0.95
Citibanamex Movil,6,52306,5000000,0,3131.0,0.38461538461538464
Bualuang mBanking,6,48445,5000000,0,3120.0,0.0
BBVA Spain,7,36746,5000000,0,3128.0,0.7272727272727273
Ecobank Mobile Banking,6,12073,1000000,0,3068.0,-0.05128205128205128
Banorte Movil,7,111632,1000000,0,3082.5,0.3076923076923077
Credit Karma,8,706301,10000000,0,3135.0,0.6285714285714286
BZWBK24 mobile,7,64959,1000000,0,3091.5,0.43478260869565216
"GCash - Buy Load, Pay Bills, Send Money",6,25508,1000000,0,3135.0,0.06060606060606061
Google Pay,7,347838,100000000,0,3130.0,0.4358974358974359
"Even - organize your money, get paid early",8,12304,100000,0,3136.5,0.5714285714285714
Digit Save Money Automatically,7,8188,100000,0,3135.0,0.6964285714285714
Acorns - Invest Spare Change,7,45957,1000000,0,3135.0,0.2
Google Pay,7,347838,100000000,0,3130.0,0.4358974358974359
Expense IQ Money Manager,7,21570,1000000,0,3092.5,0.8387096774193549
Experian - Free Credit Report,8,23130,1000000,0,3116.0,0.391304347826087
Branch,8,69973,1000000,0,3127.0,0.5
CreditWise from Capital One,8,26587,1000000,0,3123.0,0.5526315789473685
Credit Karma,8,706302,10000000,0,3135.0,0.6285714285714286
Credit Sesame,7,25166,1000000,0,3129.0,0.2894736842105263
Fresh EBT - Food Stamp Balance,7,19870,1000000,0,3128.0,0.4117647058823529
CNBC: Breaking Business News & Live Market Data,7,24647,1000000,0,3117.0,0.4594594594594595
Bloomberg Professional,7,3334,500000,0,3127.0,0.1
E*TRADE Mobile,6,10658,1000000,0,3136.5,0.46875
Fox Business,6,2594,500000,0,2995.0,0.38235294117647056
Digit Save Money Automatically,7,8188,100000,0,3135.0,0.6964285714285714
Acorns - Invest Spare Change,7,45962,1000000,0,3135.0,0.2
Current debit card and app made for teens,7,685,50000,0,3137.5,0.825
Betterment,7,3780,100000,0,3137.5,0.425
Citizens Bank Mobile Banking,7,15192,1000000,0,3066.0,-0.02564102564102564
GoBank,7,5950,500000,0,3074.5,0.07692307692307693
BBVA Compass Banking,7,5905,500000,0,3131.0,0.3448275862068966
BankMobile Vibe App,7,14627,1000000,0,3113.0,0.7391304347826086
ACE Elite,7,2898,100000,0,3052.0,0.5454545454545454
Google Pay,7,347874,100000000,0,3130.0,0.4358974358974359
Associated Credit Union Mobile,8,3290,50000,0,3073.0,0.8285714285714286
Bank of America Mobile Banking,7,341090,10000000,0,3135.0,0.5
Discover Mobile,8,87951,5000000,0,3127.0,-1.0
Amex Mobile,7,24729,1000000,0,3137.5,0.3333333333333333
Chase Mobile,8,1374549,10000000,0,3127.0,0.175
HDFC Bank MobileBanking,7,208463,10000000,0,3130.0,0.45714285714285713
Barclays US for Android,7,6998,1000000,0,3135.5,0.0
Easy Recipes,8,2707,100000,0,3058.0,0.45
Debonairs Pizza,6,3320,500000,0,3138.5,0.16666666666666666
Dunkin' Donuts,7,68103,1000000,0,3093.5,0.7631578947368421
Grubhub: Food Delivery,7,155944,5000000,0,3136.5,0.2631578947368421
Domino's Pizza USA,8,1032935,10000000,0,3124.0,0.5471698113207547
Dairy Queen,6,731,100000,0,3129.0,0.6666666666666666
Healthy Recipes Free,6,1077,100000,0,2848.25,0.7692307692307693
Cookbook Recipes,7,46539,5000000,0,3127.0,0.9459459459459459
Easy Healthy Recipes,7,278,50000,0,3124.0,0.8620689655172413
Allrecipes Dinner Spinner,7,61881,5000000,0,3022.5,0.6842105263157895
Cookpad,7,131569,10000000,0,3137.5,0.5277777777777778
"BigOven Recipes, Meal Planner, Grocery List & More",7,31986,1000000,0,2883.75,0.775
Foursquare City Guide,7,483960,10000000,0,3127.0,0.32142857142857145
Grubhub: Food Delivery,7,155944,5000000,0,3136.5,0.2631578947368421
Domino's Pizza USA,8,1032935,10000000,0,3124.0,0.5471698113207547
Eat24 Food Delivery & Takeout,7,40116,1000000,0,3136.5,0.425
BeyondMenu Food Delivery,8,51517,1000000,0,3135.5,0.868421052631579
EatStreet Food Delivery App,8,7690,100000,0,3107.0,0.8378378378378378
Caviar - Food Delivery,7,3755,100000,0,3124.0,0.4358974358974359
DoorDash - Food Delivery,7,104504,1000000,0,3135.0,0.275
Home Workout - No Equipment,8,428156,10000000,0,3101.5,0.8846153846153846
30 Day Fitness Challenge - Workout at Home,8,471036,10000000,0,3137.5,0.8064516129032258
Home Workout for Men - Bodybuilding,8,12705,1000000,0,3114.0,0.8461538461538461
Fat Burning Workout - Home Weight lose,7,706,100000,0,3128.0,0.3611111111111111
Fitbit,6,357417,10000000,0,3130.0,0.6666666666666666
Cycling - Bike Tracker,7,9116,500000,0,3134.0,0.6
Abs Training-Burn belly fat,8,2071,100000,0,3128.0,0.5277777777777778
Calorie Counter - EasyFit free,8,50294,1000000,0,3113.0,0.8648648648648649
BetterMe: Weight Loss Workouts,7,14709,5000000,0,3130.0,0.5675675675675675
Bike Computer - GPS Cycling Tracker,7,12029,1000000,0,3138.5,0.6153846153846154
Calorie Counter - MyFitnessPal,8,1873516,50000000,0,3135.0,0.4588235294117647
8fit Workouts & Meal Planner,8,115721,10000000,0,3115.0,0.6900584795321637
Couch to 10K Running Trainer,8,10445,500000,0,3106.0,0.85
"Home workouts - fat burning, abs, legs, arms,chest",7,4848,1000000,0,3122.0,1.0
"Fabulous: Motivate Me! Meditate, Relax, Sleep",8,205299,5000000,0,3120.0,0.625
7 Minute Workout,7,399009,10000000,0,3081.5,0.8181818181818182
Freeletics: Personal Trainer & Fitness Workouts,7,130104,10000000,0,3137.5,0.59375
Daily Workouts - Exercise Fitness Routine Trainer,7,134195,10000000,0,3087.5,1.0
Google Fit - Fitness Tracking,6,249855,10000000,0,3128.0,0.25
8fit Workouts & Meal Planner,8,115721,10000000,0,3115.0,0.6900584795321637
Daily Yoga - Yoga Fitness Plans,7,70769,5000000,0,3128.0,0.6666666666666666
Down Dog: Great Yoga Anywhere,8,28945,500000,0,3060.0,1.0
21-Day Meditation Experience,7,11506,100000,0,3136.5,0.725
"Calm - Meditate, Sleep, Relax",8,111450,5000000,0,3139.5,0.7538461538461538
Headspace: Meditation & Mindfulness,8,77563,10000000,0,3127.0,0.8181818181818182
Daily Yoga - Yoga Fitness Plans,7,70769,5000000,0,3128.0,0.6666666666666666
Best Ovulation Tracker Fertility Calendar App Glow,8,56145,1000000,0,3135.5,1.0
"Eve Period Tracker - Love, Sex & Relationships App",8,20326,1000000,0,3138.5,0.9230769230769231
Calorie Counter - MyFitnessPal,8,1873523,50000000,0,3135.0,0.4588235294117647
Couch to 5K by RunDouble,8,15674,1000000,0,3135.0,0.6153846153846154
Fooducate Healthy Weight Loss & Calorie Counter,7,14402,1000000,0,3137.5,0.7567567567567568
Calorie Counter - MyFitnessPal,8,1873520,50000000,0,3135.0,0.4588235294117647
Calorie Counter - MyNetDiary,7,27439,1000000,0,3120.0,0.8345323741007195
10 Best Foods for You,6,2490,500000,0,2603.25,0.7835051546391752
Calorie Counter - Macros,6,3061,100000,0,2431.0,0.77
Health and Nutrition Guide,7,7895,500000,0,3119.0,0.7321428571428571
Calorie Counter & Diet Tracker,7,32606,1000000,0,3004.0,0.6814814814814815
Food Calorie Calculator,7,1324,100000,0,2950.0,0.1951219512195122
Calorie Counter - MyFitnessPal,8,1873520,50000000,0,3135.0,0.4588235294117647
Calorie Counter - MyNetDiary,7,27439,1000000,0,3120.0,0.8345323741007195
10 Best Foods for You,6,2490,500000,0,2603.25,0.7835051546391752
Eat Fit - Diet and Health Free,7,2469,100000,0,1666.0,0.37777777777777777
Calorie Counter - Macros,6,3061,100000,0,2431.0,0.77
Calorie Counter & Diet Tracker,7,32606,1000000,0,3004.0,0.6814814814814815
Health and Nutrition Guide,7,7895,500000,0,3119.0,0.7321428571428571
Food Calorie Calculator,7,1324,100000,0,2950.0,0.1951219512195122
Calorie Counter - MyFitnessPal,8,1873523,50000000,0,3135.0,0.4588235294117647
Happify,6,1812,100000,0,3128.0,0.75
Binaural Beats Therapy,7,13724,1000000,0,2786.25,0.6410256410256411
Brain Waves - Binaural Beats,7,5038,500000,0,3119.0,0.675
21-Day Meditation Experience,7,11506,100000,0,3136.5,0.725
"Fabulous: Motivate Me! Meditate, Relax, Sleep",8,205299,5000000,0,3120.0,0.625
7 Cups: Anxiety & Stress Chat,7,13799,500000,0,3135.0,0.75
"Calm - Meditate, Sleep, Relax",8,111455,5000000,0,3139.5,0.7538461538461538
Headspace: Meditation & Mindfulness,8,77563,10000000,0,3127.0,0.8181818181818182
Daily Yoga - Yoga Fitness Plans,7,70769,5000000,0,3128.0,0.6666666666666666
Apartments & Rentals - Zillow,7,27386,1000000,0,3094.5,0.5909090909090909
"Apartment List: Housing, Apt, and Property Rentals",7,8481,1000000,0,3137.5,0.851063829787234
Gold Butterfly Keyboard Theme,7,10054,1000000,0,3116.0,0.6923076923076923
"Apartment, Home Rental Search: Realtor.com Rentals",6,10117,1000000,0,3102.5,0.08
DIY On A Budget,8,114,10000,0,2969.5,0.7878787878787878
Free Foreclosure Real Estate Search by USHUD.com,5,287,100000,0,3072.0,0.0
Home Security Camera WardenCam - reuse old phones,7,43800,1000000,0,3110.0,0.5384615384615384
Apartments.com Rental Search,7,22584,1000000,0,3120.0,0.18840579710144928
Alfred Home Security Camera,7,103305,5000000,0,3135.0,0.7
Home Decor Showpiece Art making: Medium Difficulty,7,273,50000,0,3073.0,0.44
Apartment Decorating Ideas,6,1478,100000,0,1899.25,1.0
Bathroom Decorating Ideas,7,2427,500000,0,1898.25,0.475
"Apartment List: Housing, Apt, and Property Rentals",7,8481,1000000,0,3137.5,0.851063829787234
Homesnap Real Estate & Rentals,7,3834,500000,0,3135.0,0.5428571428571428
Apartments & Rentals - Zillow,7,27387,1000000,0,3094.5,0.5909090909090909
Apartments.com Rental Search,7,22584,1000000,0,3120.0,0.18840579710144928
Aviary Effects: Classic,6,67007,5000000,0,1161.75,0.4594594594594595
Chakra Cleansing,8,539,50000,0,3136.5,0.85
Aviary Stickers: Free Pack,5,126862,10000000,0,746.5,0.2972972972972973
Binaural Beats Meditation,7,411,50000,0,3081.5,0.625
Essential Resources,8,237,50000,0,2826.75,0.65
Apk Installer,6,7750,1000000,0,545.75,0.4444444444444444
Barcode Scanner,7,3945,500000,0,2930.0,0.8378378378378378
EyeCloud,5,1267,100000,0,3136.5,0.4358974358974359
Easy Hair Style Design,7,601,100000,0,2911.25,0.7333333333333333
Easy Makeup Tutorials,7,7287,1000000,0,2498.5,0.4722222222222222
Entel,5,16168,1000000,0,3130.0,-0.07692307692307693
Diary with lock,8,815893,10000000,0,3103.5,0.7777777777777778
FOSSIL Q: DESIGN YOUR DIAL,7,985,500000,0,3074.0,0.45454545454545453
Family Locator - GPS Tracker,7,726074,10000000,0,3136.5,0.7652173913043478
HTC Speak,5,6145,10000000,0,2373.0,0.10256410256410256
H&M,6,41941,10000000,0,3134.0,0.10810810810810811
Anime Avatar Creator: Make Your Own Avatar,7,10944,1000000,0,3088.5,0.32142857142857145
Beautiful Design Birthday Cake,7,665,500000,0,3138.5,0.4444444444444444
H Pack,7,9412,1000000,0,2543.0,0.25
Fashion in Vogue,6,1797,100000,0,2461.5,0.12389380530973451
Big Days - Events Countdown,8,39724,1000000,0,3102.5,0.5277777777777778
DIY Garden Ideas,7,3309,500000,0,3139.5,0.7647058823529411
Brit + Co,6,987,10000,0,2798.25,0.5
Homestyler Interior Design & Decorating Ideas,7,78298,5000000,0,3136.5,0.35294117647058826
Fashion in Vogue,6,1797,100000,0,2461.5,0.12389380530973451
Fashion in Vogue,6,1797,100000,0,2461.5,0.12389380530973451
Etta Homes,7,220,50000,0,3130.0,0.6666666666666666
Housing-Real Estate & Property,7,28301,1000000,0,3117.0,-0.09523809523809523
Bed Time Fan - White Noise Sleep Sounds,7,10097,500000,0,3038.5,1.0
7 Day Food Journal Challenge,7,3346,100000,0,2624.75,1.0
Candy Crush Saga,7,22426677,500000000,0,3109.0,-0.1
Bubble Shooter,7,148897,10000000,0,3121.0,0.41379310344827586
Hello Kitty Nail Salon,7,369203,50000000,0,3029.5,0.16923076923076924
Clash Royale,8,23133508,100000000,0,3100.5,0.296969696969697
Helix Jump,7,1497361,100000000,0,3021.5,0.5531135531135531
Block Puzzle,8,59800,5000000,0,2988.0,0.07792207792207792
Angry Birds Rio,7,2610526,100000000,0,3107.0,-0.20512820512820512
Candy Crush Soda Saga,7,6198563,100000000,0,3114.0,-0.20481927710843373
Clash of Clans,8,44891723,100000000,0,3119.0,0.3939393939393939
Block Puzzle Classic Legend !,7,17039,5000000,0,3025.5,0.3333333333333333
8 Ball Pool,7,14198297,100000000,0,3135.0,-0.0091324200913242
Bubble Witch 3 Saga,8,1732263,50000000,0,3121.0,0.25806451612903225
Granny,7,1135631,50000000,0,3072.0,0.3103448275862069
Angry Birds Classic,7,5566669,100000000,0,3067.0,-0.08424908424908426
Flow Free,7,1295557,100000000,0,3023.5,0.33766233766233766
Fishdom,8,2157930,10000000,0,3123.0,0.3170731707317073
Galaxy Attack: Alien Shooter,8,506275,10000000,0,3135.5,0.29850746268656714
Bubble Shooter 2,7,23005,5000000,0,3129.0,0.5454545454545454
Candy Crush Jelly Saga,7,1300490,50000000,0,3124.0,-0.3150684931506849
Hill Climb Racing,7,8923587,100000000,0,3106.0,0.4090909090909091
Gardenscapes,8,4128732,50000000,0,3117.0,0.05263157894736842
Farm Heroes Saga,7,7614130,100000000,0,3130.0,0.02727272727272727
Cut the Rope FULL FREE,7,2123381,100000000,0,3109.0,0.0
8 Ball Pool,7,14198602,100000000,0,3135.0,-0.0091324200913242
Clash of Clans,8,44891723,100000000,0,3119.0,0.3939393939393939
Candy Crush Saga,7,22428456,500000000,0,3109.0,-0.1
Cooking Fever,7,3197865,100000000,0,3116.0,-0.17777777777777778
Bubble Shooter,7,148895,10000000,0,3121.0,0.41379310344827586
Candy Crush Soda Saga,7,6198880,100000000,0,3114.0,-0.20481927710843373
Fishdom,8,2157930,10000000,0,3123.0,0.3170731707317073
Garena Free Fire,7,5465624,100000000,0,3137.5,0.24774774774774774
Block Puzzle,8,59854,5000000,0,2988.0,0.07792207792207792
Bowmasters,8,1534466,50000000,0,3127.0,0.16025641025641027
Clash Royale,8,23134775,100000000,0,3100.5,0.296969696969697
Granny,7,1137271,50000000,0,3072.0,0.3103448275862069
Galaxy Attack: Alien Shooter,8,506275,10000000,0,3135.5,0.29850746268656714
Angry Birds Rio,7,2610622,100000000,0,3107.0,-0.20512820512820512
Farm Heroes Saga,7,7614271,100000000,0,3130.0,0.02727272727272727
Dream League Soccer 2018,8,9882639,100000000,0,3120.0,0.3333333333333333
Angry Birds Classic,7,5566805,100000000,0,3067.0,-0.08424908424908426
Fruits Bomb,7,74673,10000000,0,3110.0,0.5949367088607594
Hill Climb Racing 2,8,2750410,100000000,0,3136.5,0.5625
Flow Free,7,1295606,100000000,0,3023.5,0.33766233766233766
Farm Fruit Pop: Party Time,7,9305,1000000,0,3136.5,0.41935483870967744
Helix Jump,7,1498648,100000000,0,3021.5,0.5531135531135531
Candy Crush Saga,7,22428456,500000000,0,3109.0,-0.1
Granny,7,1137267,50000000,0,3072.0,0.3103448275862069
8 Ball Pool,7,14200344,100000000,0,3135.0,-0.0091324200913242
Bowmasters,8,1535084,50000000,0,3127.0,0.16025641025641027
Extreme Car Driving Simulator,7,2251012,100000000,0,3046.0,0.0
Color Road,7,84911,10000000,0,3123.0,-0.21621621621621623
Draw In,7,46416,10000000,0,3127.0,-1.0
Baseball Boy!,5,148177,10000000,0,3131.0,0.0
Episode - Choose Your Story,7,1841061,50000000,0,3135.0,0.2875
Hello Stars,8,101686,10000000,0,3138.5,0.3582089552238806
Helix Jump,7,1499373,100000000,0,3021.5,0.5531135531135531
Flip the Gun - Simulator Game,7,195558,10000000,0,3130.0,0.07692307692307693
Harry Potter: Hogwarts Mystery,7,1107310,10000000,0,3135.5,0.48148148148148145
Grim Soul: Dark Fantasy Survival,7,189773,5000000,0,3122.0,0.25
DRAGON BALL LEGENDS,8,337752,5000000,0,3137.5,0.5269461077844312
Disney Heroes: Battle Mode,8,102107,5000000,0,3135.0,0.0
Homescapes,8,3093358,10000000,0,3117.0,0.038461538461538464
Hero Hunters,7,70747,5000000,0,3135.0,0.13333333333333333
Cooking Madness - A Chef's Restaurant Games,8,358817,10000000,0,3134.0,0.08108108108108109
Dino War: Rise of Beasts,7,18996,1000000,0,3135.5,0.37037037037037035
Guns of Glory,6,120592,10000000,0,3135.0,-0.225
Final Fantasy XV: A New Empire,6,484981,10000000,0,3088.5,-0.125
Chapters: Interactive Stories,7,73539,1000000,0,3136.5,0.6052631578947368
Honkai Impact 3rd,8,59017,1000000,0,3107.0,0.42105263157894735
Farming Simulator 18,7,18125,100000,499,3113.0,0.28205128205128205
Call of Duty:Black Ops Zombies,7,13004,100000,699,2546.0,-1.0
DRAGON BALL LEGENDS,8,337913,5000000,0,3137.5,0.5269461077844312
Candy Crush Saga,7,22429716,500000000,0,3109.0,-0.1
Angry Birds 2,8,3883589,100000000,0,3130.0,0.10344827586206896
8 Ball Pool,7,14200550,100000000,0,3135.0,-0.0091324200913242
Fallout Shelter,8,2719142,10000000,0,3084.5,0.71875
Harry Potter: Hogwarts Mystery,7,1107197,10000000,0,3135.5,0.48148148148148145
Best Fiends - Free Puzzle Game,8,1480189,10000000,0,3136.5,1.0
Choices: Stories You Play,8,807338,10000000,0,3134.0,0.07692307692307693
FINAL FANTASY BRAVE EXVIUS,8,745684,5000000,0,3121.0,0.42105263157894735
Fate/Grand Order (English),7,16601,500000,0,3130.0,0.1
Honkai Impact 3rd,8,59017,1000000,0,3107.0,0.42105263157894735
Dungeon Hunter Champions: Epic Online Action RPG,7,26247,1000000,0,3130.0,0.2
Candy Crush Saga,7,22430188,500000000,0,3109.0,-0.1
8 Ball Pool,7,14201891,100000000,0,3135.0,-0.0091324200913242
Candy Crush Soda Saga,7,6199095,100000000,0,3114.0,-0.20481927710843373
Bubble Shooter,7,148945,10000000,0,3121.0,0.41379310344827586
Clash Royale,8,23136735,100000000,0,3100.5,0.296969696969697
Clash of Clans,8,44893888,100000000,0,3119.0,0.3939393939393939
Farm Heroes Saga,7,7614415,100000000,0,3130.0,0.02727272727272727
Block Puzzle,8,59907,5000000,0,2988.0,0.07792207792207792
Flow Free,7,1295625,100000000,0,3023.5,0.33766233766233766
Homescapes,8,3093932,10000000,0,3117.0,0.038461538461538464
Cooking Fever,7,3198176,100000000,0,3116.0,-0.17777777777777778
Gardenscapes,8,4129665,50000000,0,3117.0,0.05263157894736842
Fishdom,8,2158580,10000000,0,3123.0,0.3170731707317073
Galaxy Attack: Alien Shooter,8,506593,10000000,0,3135.5,0.29850746268656714
Granny,7,1138239,50000000,0,3072.0,0.3103448275862069
Dream League Soccer 2018,8,9883806,100000000,0,3120.0,0.3333333333333333
Fruits Bomb,7,74695,10000000,0,3110.0,0.5949367088607594
Angry Birds Classic,7,5566889,100000000,0,3067.0,-0.08424908424908426
Bowmasters,8,1535973,50000000,0,3127.0,0.16025641025641027
Hill Climb Racing,7,8923818,100000000,0,3106.0,0.4090909090909091
Garena Free Fire,7,5476569,100000000,0,3137.5,0.24774774774774774
Doodle Jump,7,1083571,50000000,0,3124.0,0.34444444444444444
Helix Jump,7,1500999,100000000,0,3021.5,0.5531135531135531
Crossy Road,7,4230886,100000000,0,3135.5,0.6043956043956044
Bowmasters,8,1535973,50000000,0,3127.0,0.16025641025641027
Dude Perfect 2,7,401425,10000000,0,2659.25,0.4166666666666667
Alto's Adventure,8,515657,10000000,0,3078.5,0.17714285714285713
DEER HUNTER 2018,7,955656,10000000,0,3099.5,-1.0
DRAGON BALL LEGENDS,8,337913,5000000,0,3137.5,0.5269461077844312
DEAD TARGET: FPS Zombie Apocalypse Survival Games,7,1468591,50000000,0,3127.0,0.152
Anger of stick 5 : zombie,7,549039,50000000,0,3137.5,0.3333333333333333
CATS: Crash Arena Turbo Stars,8,1559650,50000000,0,3113.0,0.24561403508771928
DINO HUNTER: DEADLY SHORES,7,1381820,10000000,0,2630.75,0.15217391304347827
Extreme Match,7,696,100000,0,3109.0,0.4642857142857143
Agar.io,7,3816799,100000000,0,3127.0,-0.04411764705882353
Garena Free Fire,7,5476569,100000000,0,3137.5,0.24774774774774774
Battlelands Royale,7,105620,1000000,0,3120.0,0.21348314606741572
Arrow.io,7,343263,10000000,0,3140.5,0.2631578947368421
BEYBLADE BURST app,7,216849,10000000,0,3120.0,-0.027777777777777776
Dragon Hills,7,354373,10000000,0,2842.25,0.3333333333333333
Dinosaur Simulator: Dino World,6,26649,5000000,0,3139.5,-0.07692307692307693
GUNSHIP BATTLE: Helicopter 3D,7,2151039,50000000,0,3135.5,0.20588235294117646
Candy Crush Saga,7,22430188,500000000,0,3109.0,-0.1
Block Puzzle,8,59907,5000000,0,2988.0,0.07792207792207792
Helix Jump,7,1500622,100000000,0,3021.5,0.5531135531135531
8 Ball Pool,7,14201604,100000000,0,3135.0,-0.0091324200913242
Bubble Shooter,7,148990,10000000,0,3121.0,0.41379310344827586
Bubble Shooter Genies,7,26985,5000000,0,3077.5,0.3
Blossom Blast Saga,7,1125438,10000000,0,3109.0,-0.05555555555555555
Hill Climb Racing,7,8923847,100000000,0,3106.0,0.4090909090909091
Bubble Shooter 2,7,23043,5000000,0,3129.0,0.5454545454545454
Candy Bomb,7,42145,10000000,0,3108.0,0.8055555555555556
Flow Free,7,1295625,100000000,0,3023.5,0.33766233766233766
Gems or jewels ?,8,171448,10000000,0,3137.5,0.358974358974359
Angry Birds Rio,7,2610680,100000000,0,3107.0,-0.20512820512820512
Candy Crush Jelly Saga,7,1300619,50000000,0,3124.0,-0.3150684931506849
Cut the Rope FULL FREE,7,2123793,100000000,0,3109.0,0.0
Angry Birds Classic,7,5566908,100000000,0,3067.0,-0.08424908424908426
Best Fiends - Free Puzzle Game,8,1480182,10000000,0,3136.5,1.0
Hill Climb Racing 2,8,2750645,100000000,0,3136.5,0.5625
Fruit Block - Puzzle Legend,8,125647,10000000,0,3127.0,-1.0
Bubble Shooter Space,7,4355,1000000,0,2755.75,0.2916666666666667
Bowmasters,8,1536349,50000000,0,3127.0,0.16025641025641027
Block Puzzle Classic Legend !,7,17044,5000000,0,3025.5,0.3333333333333333
DEAD TARGET: FPS Zombie Apocalypse Survival Games,7,1468638,50000000,0,3127.0,0.152
Farm Heroes Saga,7,7614407,100000000,0,3130.0,0.02727272727272727
Dog Run - Pet Dog Simulator,8,48615,10000000,0,3065.0,0.589041095890411
Candy Bomb,7,42145,10000000,0,3108.0,0.8055555555555556
Coloring & Learn,7,12753,5000000,0,3121.0,0.7368421052631579
Educational Games 4 Kids,7,11618,5000000,0,3015.5,0.4473684210526316
Candy Pop Story,8,12948,1000000,0,3067.0,0.225
Hello Kitty Nail Salon,7,369378,50000000,0,3029.5,0.16923076923076924
Candy Smash,7,11436,1000000,0,3029.5,0.5
Happy Fruits Bomb - Cube Blast,7,2150,500000,0,2952.5,0.24
Dog Run - Pet Dog Simulator,8,48615,10000000,0,3065.0,0.589041095890411
Coloring book moana,6,974,500000,0,2936.0,0.2727272727272727
Baby Panda Care,7,108795,10000000,0,3088.5,0.44
Bubble Shooter,7,59843,5000000,0,2930.0,0.41379310344827586
Baby puzzles,7,11950,5000000,0,3116.0,0.058823529411764705
Garden Fruit Legend,8,4289,500000,0,3135.0,0.5384615384615384
Candy Day,7,11716,1000000,0,3137.5,0.5263157894736842
ABC Kids - Tracing & Phonics,7,36606,10000000,0,3095.5,0.7837837837837838
Barbie Magical Fashion,6,328619,10000000,0,2836.25,0.16129032258064516
Farming Simulator 14,7,530854,10000000,0,2755.75,0.29411764705882354
Educational Games for Kids,7,7050,1000000,0,3070.0,0.7777777777777778
Duolingo: Learn Languages Free,8,6294400,100000000,0,3135.5,0.6916666666666667
Hot Wheels: Race Off,7,520609,10000000,0,3101.5,0.4
Baby Tiger Care - My Cute Virtual Pet Friend,7,432,100000,0,3131.0,0.5555555555555556
Drawing for Kids Learning Games for Toddlers age 3,8,29436,1000000,0,3003.0,1.0
Dr. Panda Restaurant 3,7,11126,1000000,0,3005.0,0.058823529411764705
Baby ABC in box! Kids alphabet games for toddlers!,8,9652,1000000,0,3120.0,0.6216216216216216
Happy Street,7,110877,1000000,0,3010.0,0.22727272727272727
Dr. Panda Town: Vacation,6,10366,1000000,0,3128.0,0.37142857142857144
Fuzzy Seasons: Animal Forest,8,12137,100000,0,3140.5,0.5714285714285714
Dog Run - Pet Dog Simulator,8,48701,10000000,0,3065.0,0.589041095890411
Hot Wheels: Race Off,7,520654,10000000,0,3101.5,0.4
Basketball FRVR - Shoot the Hoop and Slam Dunk!,7,4076,100000,0,3135.5,0.11428571428571428
Farming Simulator 14,7,530904,10000000,0,2755.75,0.29411764705882354
Extreme Racing 2 - Real driving RC cars game!,7,4207,500000,0,2800.25,0.05555555555555555
Disney Magic Kingdoms: Build Your Own Magical Park,7,472584,10000000,0,3136.5,0.3191489361702128
Equestria Girls,7,392596,10000000,0,2395.5,0.16216216216216217
Doctor Pets,7,23060,1000000,0,3130.0,0.28125
Disney Magic Kingdoms: Build Your Own Magical Park,7,472584,10000000,0,3136.5,0.3191489361702128
Frozen Free Fall,7,1574197,50000000,0,3131.0,0.06666666666666667
All-in-One Mahjong 3 FREE,7,566,50000,0,3086.5,1.0
DreamWorks Friends,6,1042,100000,0,2773.25,0.06060606060606061
Dr. Panda & Toto's Treehouse,7,3396,50000,399,1804.5,0.6111111111111112
DreamWorks Friends,6,1042,100000,0,2773.25,0.06060606060606061
Dr. Panda & Toto's Treehouse,7,3396,50000,399,1804.5,0.6111111111111112
Fun Kid Racing - Motocross,7,59729,10000000,0,3100.5,0.5
Baby Panda Care,7,108795,10000000,0,3088.5,0.44
Hello Kitty Lunchbox,7,51838,5000000,0,2881.75,0.20588235294117646
Duolingo: Learn Languages Free,8,6294397,100000000,0,3135.5,0.6916666666666667
COOKING MAMA Let's Cook!,7,528745,10000000,0,3130.0,0.5555555555555556
Equestria Girls,7,392596,10000000,0,2395.5,0.16216216216216217
Fun Kid Racing,6,79667,10000000,0,3137.5,0.6060606060606061
Frozen Free Fall,7,1574204,50000000,0,3131.0,0.06666666666666667
ABCmouse.com,7,50887,5000000,0,3107.0,0.4444444444444444
Essential Anatomy 3,7,1533,50000,1199,1680.5,0.75
Diabetes & Diet Tracker,8,395,1000,999,3120.0,0.8378378378378378
GoodRx Drug Prices and Coupons,8,59158,1000000,0,3130.0,0.5675675675675675
Blood Pressure,7,33033,5000000,0,3128.0,0.6923076923076923
Doctor On Demand,8,18674,1000000,0,3131.0,0.7222222222222222
BioLife Plasma Services,5,250,100000,0,3113.0,0.38461538461538464
Anthem Anywhere,4,2657,500000,0,3131.0,-0.13846153846153847
Blood Donor,7,4476,500000,0,3135.0,0.6153846153846154
1800 Contacts - Lens Store,8,23160,1000000,0,3131.0,0.725
Blood Pressure Log - MyDiary,8,8348,500000,0,3025.5,0.8
CVS Caremark,5,3707,500000,0,3132.0,0.4358974358974359
Ada - Your Health Guide,8,87418,1000000,0,3120.0,0.7777777777777778
All Mental disorders,7,453,100000,0,2745.75,0.47692307692307695
Delta Dental,4,914,100000,0,3121.0,-0.275
Drugs.com Medication Guide,7,15875,1000000,0,3065.0,0.7435897435897436
HealtheLife,6,190,100000,0,2923.0,0.05
Anatomy Learning - 3D Atlas,7,72167,1000000,0,3122.0,0.6388888888888888
Baritastic - Bariatric Tracker,8,4318,100000,0,3130.0,0.825
Epocrates Plus,7,23889,1000000,0,3114.0,0.575
Banfield Pet Health Tracker,7,1747,100000,0,2482.0,0.225
Davis's Drug Guide for Nurses,7,572,50000,0,3117.0,0.6666666666666666
Diabetes:M,8,15545,100000,0,3135.5,0.7948717948717948
HESI A2 Pocket Prep,7,2108,50000,0,3045.0,0.7333333333333333
Davis's Drug Guide,6,272,50000,0,2902.25,0.0
Essential Anatomy 3,7,1533,50000,1199,1680.5,0.75
Free Hypnosis,7,4303,100000,0,2440.5,0.8666666666666667
Diabetes & Diet Tracker,8,395,1000,999,3120.0,0.8378378378378378
Dosecast - Medication Reminder,7,4107,100000,0,3029.5,0.8157894736842105
Anthem BC Anywhere,4,496,100000,0,3131.0,-0.12903225806451613
Ada - Your Health Guide,8,87418,1000000,0,3120.0,0.7777777777777778
All Mental disorders,7,453,100000,0,2745.75,0.47692307692307695
High Blood Pressure Symptoms,6,531,100000,0,1843.25,0.6216216216216216
Blood Pressure(BP) Diary,6,3596,1000000,0,3122.0,0.15
Blood Pressure,6,10,1000,0,1900.25,0.6923076923076923
Anthem Anywhere,4,2657,500000,0,3131.0,-0.13846153846153847
Airway Ex - Intubate. Anesthetize. Train.,7,123,10000,0,3074.5,0.4358974358974359
BELONG Beating Cancer Together,8,623,50000,0,3133.0,0.6842105263157895
ConnectLine,5,253,50000,0,2446.5,0.5526315789473685
Banfield Pet Health Tracker,7,1747,100000,0,2482.0,0.225
1800 Contacts - Lens Store,8,23160,1000000,0,3131.0,0.725
Facebook,7,78158306,1000000000,0,3137.5,-0.05303030303030303
Facebook Lite,7,8606259,500000000,0,3135.5,-0.06896551724137931
All Social Networks,7,22492,1000000,0,3064.0,-0.14705882352941177
Google+,7,4831125,1000000000,0,3130.0,1.0
"Hide Something - Photo, Video",8,225103,5000000,0,3086.5,0.5333333333333333
Amino: Communities and Chats,8,1259075,10000000,0,3124.0,0.3142857142857143
Facebook Local,7,4751,1000000,0,3103.5,0.2857142857142857
HTC Social Plugin - Facebook,6,13223,10000000,0,2351.0,-0.15384615384615385
Family GPS tracker KidControl + GPS by SMS Locator,7,57146,1000000,0,3131.0,0.5
Badoo - Free Chat & Dating App,7,3781770,100000000,0,3136.5,0.25833333333333336
"Free phone calls, free texting SMS on free number",7,412725,10000000,0,3135.0,0.5
Blogger,6,138026,5000000,0,2250.0,0.6578947368421053
Bloglovin',6,8936,500000,0,2695.75,0.3076923076923077
Blogaway for Android (Blogger),6,4253,100000,0,3074.0,0.4166666666666667
Banjo,7,58341,1000000,0,2033.25,0.5384615384615384
Frontback - Social Photos,6,19446,1000000,0,2892.25,0.3611111111111111
Couple - Relationship App,6,33249,1000000,0,1891.25,1.0
Badoo - Free Chat & Dating App,7,3781770,100000000,0,3136.5,0.25833333333333336
"Dating App, Flirt & Chat : W-Match",7,175722,10000000,0,3127.0,0.3333333333333333
Badoo - Free Chat & Dating App,7,3781770,100000000,0,3136.5,0.25833333333333336
Couple - Relationship App,6,33249,1000000,0,1891.25,1.0
Amazon for Tablets,6,141613,10000000,0,3135.0,0.15
"AliExpress - Smarter Shopping, Better Living",8,5916606,100000000,0,3140.5,0.28888888888888886
Amazon Shopping,7,909226,100000000,0,3135.0,0.2
Flipp - Weekly Shopping,8,85858,10000000,0,3134.0,0.8709677419354839
GS SHOP,6,44255,10000000,0,3137.5,0.5
Family Dollar,7,2588,1000000,0,3127.0,0.34285714285714286
11st,6,48732,10000000,0,3135.0,0.4
Flipkart Online Shopping App,7,6012719,100000000,0,3140.5,0.5357142857142857
Extreme Coupon Finder,7,11798,1000000,0,3053.0,0.2857142857142857
Checkout 51: Grocery coupons,7,52896,10000000,0,3091.5,0.6923076923076923
Gyft - Mobile Gift Card Wallet,7,9701,500000,0,3129.0,0.05
"Groupon - Shop Deals, Discounts & Coupons",8,1370749,50000000,0,3137.5,0.7083333333333334
Extreme Coupon Finder,7,11798,1000000,0,3053.0,0.2857142857142857
Checkout 51: Grocery coupons,7,52896,10000000,0,3091.5,0.6923076923076923
"Ebates: Cash Back, Coupons, Rewards & Savings",7,37253,1000000,0,3137.5,0.5526315789473685
"Groupon - Shop Deals, Discounts & Coupons",8,1370749,50000000,0,3137.5,0.7083333333333334
FidMe Loyalty Cards & Deals at Grocery Supermarket,7,33758,1000000,0,3140.5,0.36363636363636365
HauteLook,7,7193,500000,0,3117.0,0.15151515151515152
Extreme Coupon Finder,7,11798,1000000,0,3053.0,0.2857142857142857
Checkout 51: Grocery coupons,7,52896,10000000,0,3091.5,0.6923076923076923
Gyft - Mobile Gift Card Wallet,7,9701,500000,0,3129.0,0.05
"AliExpress - Smarter Shopping, Better Living",8,5916569,100000000,0,3140.5,0.28888888888888886
Amazon Shopping,7,909204,100000000,0,3135.0,0.2
Etsy: Handmade & Vintage Goods,7,95520,10000000,0,3137.5,0.5897435897435898
ASOS,8,181798,10000000,0,3134.0,0.696969696969697
Gyft - Mobile Gift Card Wallet,7,9701,500000,0,3129.0,0.05
Etsy: Handmade & Vintage Goods,7,95520,10000000,0,3137.5,0.5897435897435898
"Groupon - Shop Deals, Discounts & Coupons",8,1370749,50000000,0,3137.5,0.7083333333333334
Find&Save - Local Shopping,6,4602,500000,0,2913.25,0.41935483870967744
"AliExpress - Smarter Shopping, Better Living",8,5917485,100000000,0,3140.5,0.28888888888888886
Boxed Wholesale,6,6380,1000000,0,3136.5,0.65
ASOS,8,181823,10000000,0,3134.0,0.696969696969697
Groovebook Photo Books & Gifts,6,21159,500000,0,2952.0,0.5641025641025641
Google Photos,7,10858556,1000000000,0,3140.5,0.5026178010471204
HD Camera - Best Cam with filters & panorama,7,38953,5000000,0,3130.0,0.5
"Face Filter, Selfie Editor - Sweet Camera",8,142634,10000000,0,3110.0,0.4117647058823529
Adobe Photoshop Express:Photo Editor Collage Maker,7,914804,50000000,0,3126.0,0.5714285714285714
HD Camera - Quick Snap Photo & Video,7,21841,1000000,0,3128.0,0.7647058823529411
B612 - Beauty & Filter Camera,7,5282578,100000000,0,3134.0,0.25
HD Camera,7,49680,5000000,0,3115.0,0.0
Garden Photo Frames - Garden Photo Editor,7,1864,500000,0,3046.0,0.525
BeautyPlus - Easy Photo Editor & Selfie Camera,7,3158047,100000000,0,3135.0,0.5
DSLR Camera Hd Ultra Professional,7,4410,1000000,0,3100.5,0.10526315789473684
"Candy selfie - photo editor, live filter camera",7,53421,10000000,0,3140.5,0.5757575757575758
Blur Image Background Editor (Blur Photo Editor),7,62421,5000000,0,3132.0,0.48717948717948717
Google Photos,7,10858538,1000000000,0,3140.5,0.5026178010471204
Flickr,7,251951,10000000,0,3115.0,0.25
B612 - Beauty & Filter Camera,7,5282558,100000000,0,3134.0,0.25
BeautyPlus - Easy Photo Editor & Selfie Camera,7,3157936,100000000,0,3135.0,0.5
"Cymera Camera- Photo Editor, Filter,Collage,Layout",7,2418135,100000000,0,3116.0,0.7307692307692307
"Candy Camera - selfie, beauty camera, photo editor",7,3368649,100000000,0,3120.0,0.4298245614035088
Blur Image Background,6,129272,10000000,0,3134.0,0.6363636363636364
Google Photos,7,10859051,1000000000,0,3140.5,0.5026178010471204
Flickr,7,251951,10000000,0,3115.0,0.25
HD Camera Ultra,7,462152,10000000,0,2116.75,0.4444444444444444
Cameringo Lite. Filters Camera,7,140917,10000000,0,3084.5,0.8888888888888888
HD Camera Pro for Android,7,49211,1000000,0,2574.75,0.23529411764705882
HD Camera for Android,7,351254,10000000,0,3102.5,0.7307692307692307
GoPro (formerly Capture),6,157506,10000000,0,3067.0,-0.20512820512820512
Beauty Makeup Snappy Collage Photo Editor - Lidow,7,420973,10000000,0,3136.5,0.25
"High-Speed Camera (GIF,Burst)",7,78140,5000000,0,2962.5,0.5555555555555556
"Cymera Camera- Photo Editor, Filter,Collage,Layout",7,2418135,100000000,0,3116.0,0.7307692307692307
EyeEm - Camera & Photo Filter,7,215343,10000000,0,3118.0,0.4594594594594595
"Candy Camera - selfie, beauty camera, photo editor",7,3368646,100000000,0,3120.0,0.4298245614035088
HD Camera for Android,7,351255,10000000,0,3102.5,0.7307692307692307
FilterGrid - Cam&Photo Editor,8,126337,1000000,0,2631.75,0.37142857142857144
"Cymera Camera- Photo Editor, Filter,Collage,Layout",7,2418158,100000000,0,3116.0,0.7307692307692307
Adobe Photoshop Express:Photo Editor Collage Maker,7,914917,50000000,0,3126.0,0.5714285714285714
BeautyPlus - Easy Photo Editor & Selfie Camera,7,3158151,100000000,0,3135.0,0.5
Color Touch Effects,6,167652,10000000,0,3035.5,0.2894736842105263
"Candy Camera - selfie, beauty camera, photo editor",7,3368705,100000000,0,3120.0,0.4298245614035088
Font Studio- Photo Texts Image,7,197295,10000000,0,2731.25,0.38235294117647056
Add Text To Photo,7,21578,1000000,0,2807.75,0.35294117647058826
BeautyPlus - Easy Photo Editor & Selfie Camera,7,3158151,100000000,0,3135.0,0.5
Free Sports TV,7,1802,100000,0,3094.5,0.3333333333333333
"FIFA - Tournaments, Soccer News & Live Scores",7,342909,10000000,0,3137.5,0.2564102564102564
Football Live Scores,7,107724,5000000,0,3135.0,0.7647058823529411
BeSoccer - Soccer Live Score,7,152780,10000000,0,3122.0,0.6388888888888888
"CBS Sports App - Scores, News, Stats & Watch Live",7,91031,5000000,0,3138.5,0.421875
BBC Sport,7,18678,1000000,0,3037.5,0.5102040816326531
All Football - Latest News & Videos,8,152867,10000000,0,3137.5,0.75
Eurosport,6,121003,10000000,0,3140.5,0.07894736842105263
"All Football GO- Live Score, Games",8,1981,100000,0,3094.5,0.8055555555555556
Championat,7,36490,1000000,0,3129.0,0.475
Goal Live Scores,7,232423,5000000,0,3084.5,0.45
"CBS Sports App - Scores, News, Stats & Watch Live",7,91031,5000000,0,3138.5,0.421875
"Hole19: Golf GPS App, Rangefinder & Scorecard",7,6106,100000,0,3135.5,0.9473684210526315
"CBS Sports App - Scores, News, Stats & Watch Live",7,91031,5000000,0,3138.5,0.421875
CBS Sports Fantasy,6,43611,1000000,0,3100.5,0.46296296296296297
"CBS Sports App - Scores, News, Stats & Watch Live",7,91031,5000000,0,3138.5,0.421875
Golf Channel,7,19230,1000000,0,3073.0,-0.175
"GolfNow: Tee Time Deals at Golf Courses, Golf GPS",7,26102,1000000,0,3046.0,0.6052631578947368
Golf GPS by SwingxSwing,8,37167,1000000,0,3134.0,0.625
Golfshot: Golf GPS + Tee Times,7,7543,500000,0,3115.0,0.675
Golf GPS Rangefinder: Golf Pad,8,13098,1000000,0,3132.0,0.6410256410256411
"Hole19: Golf GPS App, Rangefinder & Scorecard",7,6106,100000,0,3135.5,0.9473684210526315
GolfLogix GPS + Putt Breaks,6,11085,1000000,0,3094.5,-0.07692307692307693
Golfshot Plus: Golf GPS,7,3387,50000,2999,3115.0,0.675
FanDuel: Daily Fantasy Sports,8,29673,1000000,0,3140.5,0.6363636363636364
DraftKings - Daily Fantasy Sports,7,50017,1000000,0,3128.0,0.5833333333333334
Fantasy Football Manager (FPL),7,63650,1000000,0,3137.5,0.6176470588235294
Fantasy Football,5,50179,1000000,0,3136.5,0.14492753623188406
CBS Sports Fantasy,6,43611,1000000,0,3100.5,0.46296296296296297
"CBS Sports App - Scores, News, Stats & Watch Live",7,91033,5000000,0,3138.5,0.421875
"CBS Sports App - Scores, News, Stats & Watch Live",7,91033,5000000,0,3138.5,0.421875
"FOX Sports: Live Streaming, Scores & News",6,28895,5000000,0,3136.5,0.5151515151515151
850 Sports News Digest,8,539,10000,0,2427.0,0.9487179487179487
"FIFA - Tournaments, Soccer News & Live Scores",7,342912,10000000,0,3137.5,0.2564102564102564
365Scores - Live Scores,8,666521,10000000,0,3133.0,0.7142857142857143
Cricbuzz - Live Cricket Scores & News,7,838765,50000000,0,3061.0,0.39473684210526316
Fantasy Football & NFL News,7,2943,100000,0,3058.0,0.7941176470588235
Golfshot: Golf GPS + Tee Times,7,7543,500000,0,3115.0,0.675
BBC Sport,7,18679,1000000,0,3037.5,0.5102040816326531
"CBS Sports App - Scores, News, Stats & Watch Live",7,91033,5000000,0,3138.5,0.421875
"FOX Sports: Live Streaming, Scores & News",6,28895,5000000,0,3136.5,0.5151515151515151
Fantasy Football,5,50179,1000000,0,3136.5,0.14492753623188406
"Expedia Hotels, Flights & Car Rental Travel Deals",7,136626,10000000,0,3140.5,0.0234375
Hopper - Watch & Book Flights,7,52029,5000000,0,3102.5,0.47368421052631576
CityMaps2Go Plan Trips Travel Guide Offline Maps,7,64713,1000000,0,3082.5,0.7
Hotels.com: Book Hotel Rooms & Find Vacation Deals,7,260121,10000000,0,3108.0,0.2647058823529412
Booking.com Travel Deals,8,1830388,100000000,0,3140.5,0.225
Hostelworld: Hostels & Cheap Hotels Travel App,7,17878,1000000,0,3120.0,0.46153846153846156
Google Trips - Travel Planner,7,26871,5000000,0,3130.0,1.0
Airbnb,7,359403,10000000,0,3136.5,0.27419354838709675
GPS Map Free,6,33782,5000000,0,3115.0,1.0
Google Earth,7,2338655,100000000,0,3091.5,0.34210526315789475
GasBuddy: Find Cheap Gas,8,751551,10000000,0,3136.5,0.55
"AT&T Navigator: Maps, Traffic",6,32862,10000000,0,2532.0,0.2413793103448276
Google Street View,7,2129689,1000000000,0,3140.5,-0.75
AirAsia,6,98585,10000000,0,3120.0,-0.09523809523809523
"Expedia Hotels, Flights & Car Rental Travel Deals",7,136633,10000000,0,3140.5,0.0234375
Goibibo - Flight Hotel Bus Car IRCTC Booking App,7,459851,10000000,0,3135.5,0.6052631578947368
Allegiant,5,5572,1000000,0,3116.0,0.6666666666666666
Amtrak,6,16815,1000000,0,3119.0,-0.1282051282051282
Flight & Hotel Booking App - ixigo,7,45562,5000000,0,3134.0,0.45454545454545453
Foursquare Swarm: Check In,6,421800,10000000,0,3131.0,-0.10344827586206896
Flightradar24 Flight Tracker,7,171889,10000000,0,3122.0,0.75
Fly Delta,6,27560,5000000,0,3135.0,0.5211267605633803
2GIS: directory & navigator,7,768833,50000000,0,3134.0,0.425
Booking.com Travel Deals,8,1830387,100000000,0,3140.5,0.225
American Airlines,6,16980,5000000,0,3122.0,0.023255813953488372
Find Dining Restaurant Finder,7,427,100000,0,2272.5,0.7142857142857143
Hipmunk Hotels & Flights,7,16734,1000000,0,3135.0,0.8285714285714286
"Expedia Hotels, Flights & Car Rental Travel Deals",7,136626,10000000,0,3140.5,0.0234375
CWT To Go,7,20313,100000,0,3139.5,0.5789473684210527
British Airways,7,25740,1000000,0,3128.0,0.36363636363636365
Cheap Flights & Hotels momondo,7,42546,5000000,0,3037.5,0.4358974358974359
Hopper - Watch & Book Flights,7,52028,5000000,0,3102.5,0.47368421052631576
Flights,7,18039,1000000,0,3130.0,0.46153846153846156
Fly Delta,6,27560,5000000,0,3135.0,0.5211267605633803
American Airlines,6,16980,5000000,0,3122.0,0.023255813953488372
Choice Hotels,7,17915,1000000,0,3122.0,0.5
Couchsurfing Travel App,7,61776,1000000,0,3114.0,0.5897435897435898
Hotwire Hotel & Car Rental App,7,10323,1000000,0,3123.0,0.30303030303030304
"Expedia Hotels, Flights & Car Rental Travel Deals",7,136626,10000000,0,3140.5,0.0234375
Hotels.com: Book Hotel Rooms & Find Vacation Deals,7,260133,10000000,0,3108.0,0.2647058823529412
Booking.com Travel Deals,8,1830388,100000000,0,3140.5,0.225
HotelTonight: Book amazing deals at great hotels,7,57573,5000000,0,3135.0,0.5984251968503937
Hostelworld: Hostels & Cheap Hotels Travel App,7,17878,1000000,0,3120.0,0.46153846153846156
Airbnb,7,359560,10000000,0,3136.5,0.27419354838709675
Hotels Combined - Cheap deals,7,17202,5000000,0,2873.75,0.2222222222222222
HotelTonight: Book amazing deals at great hotels,7,57573,5000000,0,3135.0,0.5984251968503937
GPS Status & Toolbox,7,149723,10000000,0,3086.5,0.6571428571428571
Airport + Flight Tracker Radar,7,6762,1000000,0,2022.25,0.2727272727272727
DreamTrips,8,9971,500000,0,3140.5,0.4411764705882353
Google Street View,7,2129707,1000000000,0,3140.5,-0.75
Google,7,8033493,1000000000,0,3137.5,0.6578947368421053
Google Translate,7,5745093,500000000,0,3138.5,1.0
Cache Cleaner-DU Speed Booster (booster & cleaner),7,12759663,100000000,0,3129.0,0.5384615384615384
Device Help,7,28860,100000000,0,3122.0,0.32432432432432434
Account Manager,7,76604,100000000,0,2400.5,-0.21212121212121213
File Manager,8,739329,50000000,0,3029.5,0.0
"Calculator - free calculator, multi calculator app",8,25592,10000000,0,3135.0,0.0
ASUS Sound Recorder,7,34126,10000000,0,3117.0,0.6875
Files Go by Google: Free up space on your phone,8,315585,10000000,0,3122.0,0.47058823529411764
File Manager -- Take Command of Your Files Easily,7,127223,10000000,0,3137.5,0.4090909090909091
HTC Lock Screen,7,28250,10000000,0,2637.75,-0.1282051282051282
Gboard - the Google Keyboard,7,1859115,500000000,0,3135.0,0.07894736842105263
AT&T Smart Wi-Fi,6,18513,10000000,0,3038.5,0.5
HTC Sense Input,5,17030,10000000,0,2689.75,0.05
App vault,5,25094,10000000,0,3122.0,-0.09523809523809523
DuraSpeed,6,5431,10000000,0,2873.75,0.05405405405405406
HTC Sense Input-AR,6,1420,100000,0,1573.5,0.35
Digital Alarm Clock,7,118439,10000000,0,3092.5,0.7605633802816901
Alarm Clock Free,6,59973,10000000,0,2998.0,0.4117647058823529
Alarm Clock,7,114788,5000000,0,2943.0,0.5
High-Powered Flashlight,7,429580,10000000,0,2998.0,0.6764705882352942
Flashlight & LED Torch,7,111507,10000000,0,2920.25,0.4
Color Flashlight,7,472904,50000000,0,2905.25,0.45454545454545453
Flashlight,8,115409,10000000,0,3140.5,0.7142857142857143
"CM Flashlight (Compass, SOS)",7,166367,5000000,0,3068.0,1.0
Flashlight HD LED,7,618918,50000000,0,3132.0,0.896551724137931
Flashlight - Torch LED Light,7,192661,10000000,0,3111.0,0.6333333333333333
Brightest LED Flashlight,7,60571,5000000,0,3106.0,0.75
Fraction Calculator Plus Free,7,148506,5000000,0,3119.0,0.6129032258064516
Calculator Plus Free,8,679912,10000000,0,3131.0,1.0
Calculator with Percent (Free),8,48211,1000000,0,2878.75,0.5
Graphing Calculator,6,12388,1000000,0,2283.0,0.4936708860759494
ConvertPad - Unit Converter,7,90831,10000000,0,2726.25,0.5
Age Calculator,7,24265,1000000,0,2763.75,0.3125
EzCalculator,7,1657,100000,0,2816.75,0.6842105263157895
Hideman VPN,7,88675,5000000,0,3128.0,0.0967741935483871
Fast Secure VPN,7,56848,1000000,0,3061.0,0.36619718309859156
Free & Premium VPN - FinchVPN,7,19096,1000000,0,3109.0,0.5806451612903226
Hotspot Shield Free VPN Proxy & Wi-Fi Security,7,1116393,50000000,0,3140.5,0.4117647058823529
FREEDOME VPN Unlimited anonymous Wifi Security,7,39833,1000000,0,3113.0,0.45454545454545453
Gboard - the Google Keyboard,7,1859109,500000000,0,3135.0,0.07894736842105263
"GO Keyboard - Cute Emojis, Themes and GIFs",7,4594198,100000000,0,3135.0,0.4827586206896552
Google Handwriting Input,7,94427,10000000,0,3136.5,0.5263157894736842
CM Locker - Security Lockscreen,8,3090727,100000000,0,3135.0,0.47674418604651164
AppLock - Fingerprint,7,745245,10000000,0,3025.5,0.6842105263157895
3D Live Neon Weed Launcher,7,1724,100000,0,3099.5,1.0
Evie Launcher,8,139258,5000000,0,3137.5,0.875
Golden Launcher,7,32794,5000000,0,3135.0,0.7894736842105263
"CM Launcher 3D - Theme, Wallpapers, Efficient",8,6702776,100000000,0,3137.5,0.5555555555555556
4K Wallpapers and Ultra HD Backgrounds,8,7583,500000,0,3108.0,0.5555555555555556
Birds Sounds Ringtones & Wallpapers,8,5073,1000000,0,2824.75,0.6842105263157895
Funny Alarm Clock Ringtones,7,15633,1000000,0,2625.75,0.25925925925925924
Diamond Zipper Lock Screen,7,71688,10000000,0,3084.5,0.35294117647058826
Backgrounds (HD Wallpapers),8,202474,10000000,0,2778.25,0.5666666666666667
"APUS Launcher - Theme, Wallpaper, Hide Apps",7,5783441,100000000,0,3140.5,0.6774193548387096
Apex Launcher,7,266401,10000000,0,3138.5,0.35
Goku Wallpaper Art,8,6342,1000000,0,3117.0,0.6857142857142857
Door Lock Screen,7,5413,1000000,0,3132.0,0.8205128205128205
ASUS Cover for ZenFone 2,7,43960,10000000,0,2892.25,0.3333333333333333
Colorful Glitter Neon Butterfly Keyboard Theme,7,2056,500000,0,3129.0,0.3125
Beautiful Widgets Pro,7,97890,1000000,249,2428.0,0.6756756756756757
Beautiful Widgets Free,6,25037,1000000,0,2485.0,0.075
HD Widgets,7,58617,1000000,99,2533.0,0.4838709677419355
DashClock Widget,7,62301,1000000,0,2323.5,1.0
Fancy Widgets,7,37237,5000000,0,1555.5,0.625
Best Wallpapers QHD,7,294701,10000000,0,2999.0,0.7428571428571429
Dog Licks Screen Wallpaper,7,63624,5000000,0,2880.75,0.4411764705882353
Flowers Live Wallpaper,7,118459,10000000,0,2857.25,0.5151515151515151
Galactic Core Free Wallpaper,7,69417,10000000,0,1583.0,0.6944444444444444
Asteroids 3D live wallpaper,7,157495,10000000,0,3128.0,0.5483870967741935
Backgrounds HD (Wallpapers),8,2390185,100000000,0,3138.5,0.5
Butterfly Live Wallpaper,7,35771,5000000,0,3047.0,0.7142857142857143
Horses Live Wallpaper,7,28806,1000000,0,3065.0,0.6060606060606061
Apex Launcher,7,266402,10000000,0,3138.5,0.35
Buzz Launcher-Smart&Free Theme,7,251616,10000000,0,2873.75,0.4166666666666667
BIG Launcher,7,881,10000,999,3093.5,0.525
"GO Keyboard - Emoticon keyboard, Free Theme, GIF",7,2591941,100000000,0,3124.0,0.48484848484848486
"All-In-One Toolbox: Cleaner, Booster, App Manager",8,536926,10000000,0,3139.5,0.5
Adobe Acrobat Reader,7,3016297,100000000,0,3029.5,0.5617283950617284
Chrome Beta,7,228794,10000000,0,3140.5,0.47368421052631576
Google PDF Viewer,7,226456,10000000,0,2839.25,0.275
Calculator - unit converter,8,287250,50000000,0,3052.0,1.0
Google Keep,7,691474,100000000,0,3140.5,0.425
Archos File Manager,6,2131,5000000,0,2304.0,0.1935483870967742
ASUS SuperNote,7,26559,10000000,0,2661.25,0.391304347826087
HTC File Manager,7,13500,10000000,0,2902.25,0.09523809523809523
Dropbox,7,1861310,500000000,0,3135.5,0.5
ASUS Quick Memo,7,23089,10000000,0,3023.5,0.5
HTC Calendar,6,6949,10000000,0,2918.25,-0.3333333333333333
ASUS Calling Screen,7,102451,10000000,0,2997.0,0.16666666666666666
Content Transfer,8,19302,5000000,0,3101.5,0.325
HTC Mail,5,6572,10000000,0,3072.0,0.325
Advanced Task Killer,7,577059,50000000,0,2411.0,0.5333333333333333
Do It Later: Tasks & To-Dos,7,123412,50000000,0,3025.5,0.4117647058823529
Hacker's Keyboard,7,41418,1000000,0,2537.0,0.8
7 Weeks - Habit & Goal Tracker,7,6011,500000,0,2179.75,0.42857142857142855
Google Keep,7,691474,100000000,0,3140.5,0.425
"Any.do: To-do list, Calendar, Reminders & Planner",7,298843,10000000,0,3139.5,0.6224489795918368
Easy Voice Recorder,7,205191,10000000,0,3093.5,0.9230769230769231
Dashlane Free Password Manager,8,73695,1000000,0,3140.5,0.0
File Browser by Astro (File Manager),7,609182,50000000,0,3106.0,0.3333333333333333
File Explorer,7,979,100000,0,1368.75,0.4782608695652174
Adobe Acrobat Reader,7,3016305,100000000,0,3029.5,0.5617283950617284
Google PDF Viewer,7,226456,10000000,0,2839.25,0.275
Google Slides,7,244567,100000000,0,3140.5,1.0
ColorNote Notepad Notes,8,2401017,100000000,0,3100.5,0.8702290076335878
Google Keep,7,691474,100000000,0,3140.5,0.425
"Any.do: To-do list, Calendar, Reminders & Planner",7,298854,10000000,0,3139.5,0.6224489795918368
Calendar+ Schedule Planner App,6,8985,1000000,0,2571.75,1.0
Calendar Widget Month + Agenda,7,60840,5000000,0,3074.0,0.5
DigiCal Calendar Agenda,7,133573,5000000,0,3107.0,0.4782608695652174
Business Calendar 2,8,102594,5000000,0,3127.0,0.56
G Cloud Backup,8,267189,5000000,0,3041.5,0.6896551724137931
Dropbox,7,1861309,500000000,0,3135.5,0.5
Amazon Drive,7,18669,1000000,0,2929.0,0.1111111111111111
Baby Panda Learns Shapes,6,3789,1000000,0,3094.5,0.4594594594594595
Family Album Mitene: Private Photo & Video Sharing,8,34336,1000000,0,3135.0,0.7948717948717948
Family GPS Tracker and Chat + Baby Monitor Online,7,9073,500000,0,3136.5,0.7027027027027027
Baby Name Together,6,464,100000,0,3140.5,0.5135135135135135
Baby Panda Musical Genius,6,3346,1000000,0,3088.5,0.4864864864864865
Baby Monitor,7,5343,1000000,0,3012.0,0.6571428571428571
Daniel Tiger for Parents,8,247,100000,0,3001.0,1.0
AccuWeather: Daily Forecast & Live Weather Reports,7,2053404,50000000,0,3140.5,0.5625
Free live weather on screen,7,15370,1000000,0,3136.5,0.7105263157894737
APE Weather ( Live Forecast),7,20008,5000000,0,3107.0,0.696969696969697
"GO Weather - Widget, Theme, Wallpaper, Efficient",7,1422858,50000000,0,3137.5,0.45454545454545453
HTC Weather,6,22154,10000000,0,2779.25,0.3157894736842105
ForecaWeather,7,18425,1000000,0,2767.75,0.631578947368421
All Video Downloader 2018,7,7557,1000000,0,3129.0,0.5882352941176471
HD Video Player,7,1551,1000000,0,3129.0,0.34210526315789475
HD Movie Video Player,7,18699,1000000,0,3009.0,0.41935483870967744
Droid Zap by Motorola,6,2093,5000000,0,1858.75,-0.025
HTC Gallery,7,45744,10000000,0,2346.0,0.07142857142857142
BluTV,6,28835,1000000,0,3130.0,0.6
BBC News,7,296781,10000000,0,3128.0,0.30158730158730157
"Free TV Shows App:News, TV Series, Episode, Movies",8,29706,1000000,0,3136.5,0.6216216216216216
CNN Breaking US & World News,6,293080,10000000,0,3140.5,0.21428571428571427
"Dailyhunt (Newshunt) - Latest News, Viral Videos",7,948198,50000000,0,3123.0,-0.5
ARY NEWS URDU,7,1071,500000,0,3129.0,0.35294117647058826
Google News,6,877635,1000000000,0,3135.5,0.3333333333333333
"Breaking News, Local news, Attacks and Alerts Free",8,2543,500000,0,3123.0,0.3333333333333333
ARY NEWS,7,2959,1000000,0,3138.5,0.36363636363636365
Flipboard: News For Our Time,7,1284017,500000000,0,3137.5,0.7692307692307693
BeyondPod Podcast Manager,6,32121,1000000,0,3025.5,0.625
Google News,6,877635,1000000000,0,3135.5,0.3333333333333333
"BuzzFeed: News, Tasty, Quizzes",7,131028,5000000,0,3134.0,0.5492957746478874
Flipboard: News For Our Time,7,1284017,500000000,0,3137.5,0.7692307692307693
Fast News,7,84957,1000000,0,2934.0,0.5384615384615384
Financial Times,7,27104,1000000,0,3137.5,0.5333333333333333
Digg,6,6105,100000,0,2262.5,0.15151515151515152
BBC News,7,296781,10000000,0,3128.0,0.30158730158730157
Bloomberg: Market & Financial News,7,61692,10000000,0,3129.0,0.125
Haystack TV: Local & World News - Free,7,3684,100000,0,3136.5,0.8666666666666667
ABC News - US & World News,6,18976,1000000,0,3079.5,-0.15714285714285714
AP Mobile - Breaking News,7,76677,1000000,0,2702.75,0.75
CNN Breaking US & World News,6,293080,10000000,0,3140.5,0.21428571428571427
BBC News,7,296781,10000000,0,3128.0,0.30158730158730157
CBS News,7,23641,1000000,0,3102.5,0.0
Haystack TV: Local & World News - Free,7,3684,100000,0,3136.5,0.8666666666666667
ABC News - US & World News,6,18976,1000000,0,3079.5,-0.15714285714285714
CNN Breaking US & World News,6,293080,10000000,0,3140.5,0.21428571428571427
"AOL - News, Mail & Video",7,62465,5000000,0,3136.5,0.30303030303030304
Google News,6,877643,1000000000,0,3135.5,0.3333333333333333
BaconReader for Reddit,7,103074,1000000,0,3106.0,0.48484848484848486
"BuzzFeed: News, Tasty, Quizzes",7,131028,5000000,0,3134.0,0.5492957746478874
Flipboard: News For Our Time,7,1284018,500000000,0,3137.5,0.7692307692307693
Air Traffic,7,14110,1000000,0,3128.0,0.5909090909090909
Atlan3D Navigation: Korea navigator,7,22063,1000000,0,3135.0,0.5833333333333334
Czech Public Transport IDOS,7,26014,1000000,0,2866.75,0.6071428571428571
GPS Speedometer and Odometer,8,15865,1000000,0,3137.5,1.0
GPS Traffic Speedcam Route Planner by ViaMichelin,7,63920,5000000,0,3132.0,0.5277777777777778
"GPS Speedometer, Distance Meter",8,16094,1000000,0,3135.0,0.59375
FindShip,7,23279,1000000,0,3038.5,0.2647058823529412
Flashlight,7,162335,10000000,0,3110.0,0.7142857142857143
A Call From Santa Claus!,6,3720,1000000,0,2530.0,0.17647058823529413
A Word A Day,6,2398,500000,0,2560.75,0.75
Akinator,7,1805398,50000000,0,3084.5,0.02631578947368421
Dog Sim Online: Raise a Family,8,94989,5000000,0,3034.5,0.0
Agar.io,7,3815614,100000000,0,3127.0,-0.04411764705882353
Color by Number - Draw Sandbox Pixel Art,8,10247,1000000,0,3131.0,0.41304347826086957
A+ Mobile,6,730,10000,0,3099.5,0.5714285714285714
Angry Birds Classic,7,5565856,100000000,0,3067.0,-0.08424908424908426
Build a Bridge!,8,263454,10000000,0,3136.5,0.26744186046511625
Find a Way: Addictive Puzzle,8,39480,500000,0,2724.25,0.3
Comptia A+ 220-901 & 220-902,7,174,10000,0,3031.5,0.896551724137931
Azar,7,1092337,50000000,0,3128.0,0.14130434782608695
4 in a Row,6,4257,500000,0,3056.0,0.7
Bubble Shooter,7,43576,5000000,0,2812.75,0.41379310344827586
Adobe Acrobat Reader,7,3014548,100000000,0,3029.5,0.5617283950617284
Google Translate,7,5741684,500000000,0,3138.5,1.0
Asphalt 8: Airborne,7,8389714,100000000,0,3108.0,0.1095890410958904
Basketball Stars,7,867920,10000000,0,3118.0,0.033707865168539325
Colorfy: Coloring Book for Adults - Free,7,787107,10000000,0,3093.5,0.2706766917293233
Amazon Shopping,7,908525,100000000,0,3135.0,0.2
Fake Call - Fake Caller ID,7,154668,10000000,0,3136.5,0.5522388059701493
Four In A Line Free,7,133195,5000000,0,3084.5,0.5185185185185185
Flow Free,7,1295293,100000000,0,3023.5,0.33766233766233766
AutoCAD - DWG Viewer & Editor,7,145088,10000000,0,3127.0,0.1111111111111111
Alto's Adventure,8,515240,10000000,0,3078.5,0.17714285714285713
Fortune City - A Finance App,8,49275,500000,0,3121.0,0.7708333333333334
Draw A Stickman,5,29265,1000000,0,2696.75,-1.0
Be A Legend: Soccer,6,85763,1000000,0,2062.75,-0.2653061224489796
Bible,8,2440695,100000000,0,3136.5,0.7628865979381443
Cat Sim Online: Play with Cats,8,137198,5000000,0,3034.5,0.5081967213114754
Facebook,7,78128208,1000000000,0,3137.5,-0.05303030303030303
Four In A Line,6,22191,1000000,0,1951.25,0.7049180327868853
B612 - Beauty & Filter Camera,7,5276983,100000000,0,3134.0,0.25
8 Ball Pool,7,14184910,100000000,0,3135.0,-0.0091324200913242
Hay Day,7,10053186,100000000,0,3101.5,0.16393442622950818
Diary with lock,8,815280,10000000,0,3103.5,0.7777777777777778
Clash of Clans,8,44881447,100000000,0,3119.0,0.3939393939393939
Clash Royale,8,23125280,100000000,0,3100.5,0.296969696969697
C Programming,7,22248,1000000,0,2005.75,0.8285714285714286
Candy Crush Saga,7,22419455,500000000,0,3109.0,-0.1
Hill Climb Racing,7,8921451,100000000,0,3106.0,0.4090909090909091
Google Duo - High Quality Video Calls,8,2083237,500000000,0,3135.0,0.7222222222222222
Crossy Road,7,4229977,100000000,0,3135.5,0.6043956043956044
Dropbox,7,1860844,500000000,0,3135.5,0.5
Dream League Soccer 2018,8,9873470,100000000,0,3120.0,0.3333333333333333
Bad Piggies,7,1168959,50000000,0,2680.75,0.0
Firefox Browser fast & private,7,3075096,100000000,0,3114.0,0.45161290322580644
E*TRADE Mobile,6,10657,1000000,0,3136.5,0.46875
Amazon Kindle,7,814151,100000000,0,3131.0,0.27350427350427353
Ebook Reader,7,85842,5000000,0,3098.5,0.717948717948718
Gmail,7,4604324,1000000000,0,3136.5,0.171875
"AliExpress - Smarter Shopping, Better Living",8,5911055,100000000,0,3135.5,0.28888888888888886
Flipkart Online Shopping App,7,6003590,100000000,0,3136.5,0.5357142857142857
Facebook Lite,7,8595964,500000000,0,3135.5,-0.06896551724137931
Dumb Ways to Die 2: The Games,7,1671658,50000000,0,3116.0,0.1891891891891892
Google+,7,4828372,1000000000,0,3130.0,1.0
Gboard - the Google Keyboard,7,1855262,500000000,0,3135.0,0.07894736842105263
Granny,7,1128805,50000000,0,3072.0,0.3103448275862069
Google,7,8021623,1000000000,0,3137.5,0.6578947368421053
Hangouts,6,3419464,1000000000,0,3125.0,0.6491228070175439
G Cloud Backup,8,267042,5000000,0,3041.5,0.6896551724137931
Helix Jump,7,1485806,100000000,0,3021.5,0.5531135531135531
H&M,6,41917,10000000,0,3134.0,0.10810810810810811
H TV,7,103064,5000000,0,3109.0,0.5641025641025641
Anger of stick 5 : zombie,7,547644,50000000,0,3137.5,0.3333333333333333
Cut the Rope FULL FREE,7,2122705,100000000,0,3109.0,0.0
Diabetes:M,8,15537,100000,0,3135.5,0.7948717948717948
"Dating App, Flirt & Chat : W-Match",7,175523,10000000,0,3127.0,0.3333333333333333
"GO Keyboard - Emoticon keyboard, Free Theme, GIF",7,2591610,100000000,0,3124.0,0.48484848484848486
Angry Birds 2,8,3881752,100000000,0,3130.0,0.10344827586206896
Angry Birds Rio,7,2610328,100000000,0,3107.0,-0.20512820512820512
"AD - Nieuws, Sport, Regio & Entertainment",6,10369,1000000,0,3132.0,0.5263157894736842
"CM Browser - Ad Blocker , Fast Download , Privacy",8,2265084,50000000,0,3135.0,0.0
Google Ads,7,29331,5000000,0,3134.0,0.3194444444444444
Flipp - Weekly Shopping,8,85782,10000000,0,3134.0,0.8709677419354839
A&E - Watch Full Episodes of TV Shows,6,29708,1000000,0,3120.0,0.7105263157894737
All Football - Latest News & Videos,8,152653,10000000,0,3137.5,0.75
AppLock,7,4931562,100000000,0,3084.5,-0.07692307692307693
Amazon for Tablets,6,141584,10000000,0,3135.0,0.15
Final Fantasy XV: A New Empire,6,484858,10000000,0,3088.5,-0.125
Diary with lock password,7,179139,5000000,0,2861.75,0.5961538461538461
Google Photos,7,10847682,1000000000,0,3135.5,0.5026178010471204
365Scores - Live Scores,8,666246,10000000,0,3133.0,0.7142857142857143
DINO HUNTER: DEADLY SHORES,7,1381624,10000000,0,2630.75,0.15217391304347827
AP Mobile - Breaking News,7,76616,1000000,0,2702.75,0.75
AccuWeather: Daily Forecast & Live Weather Reports,7,2052407,50000000,0,3136.5,0.5625
Google Voice,7,171052,10000000,0,3137.5,0.5
Choices: Stories You Play,8,807155,10000000,0,3134.0,0.07692307692307693
Google Pay,7,348132,100000000,0,3130.0,0.4358974358974359
HotelTonight: Book amazing deals at great hotels,7,57556,5000000,0,3135.0,0.5984251968503937
Avakin Life - 3D virtual world,7,1275373,10000000,0,3107.0,0.5217391304347826
DEER HUNTER 2018,7,955614,10000000,0,3099.5,-1.0
British Airways,7,25726,1000000,0,3128.0,0.36363636363636365
American Airlines,6,16973,5000000,0,3122.0,0.023255813953488372
Anthem BC Anywhere,4,496,100000,0,3131.0,-0.12903225806451613
BeautyPlus - Easy Photo Editor & Selfie Camera,7,3156484,100000000,0,3135.0,0.5
Bowmasters,8,1535581,50000000,0,3127.0,0.16025641025641027
Backgrounds HD (Wallpapers),8,2390099,100000000,0,3138.5,0.5
Blur Image Background,6,129268,10000000,0,3134.0,0.6363636363636364
BBM - Free Calls & Messages,7,12843436,100000000,0,3136.5,0.2857142857142857
BeyondMenu Food Delivery,8,51543,1000000,0,3135.5,0.868421052631579
Badoo - Free Chat & Dating App,7,3781467,100000000,0,3136.5,0.25833333333333336
HBO GO: Stream with TV Package,6,87734,10000000,0,3123.0,-0.44
Blood Pressure,7,33033,5000000,0,3128.0,0.6923076923076923
Blood Pressure Log - MyDiary,8,8347,500000,0,3025.5,0.8
Blood Pressure(BP) Diary,6,3596,1000000,0,3122.0,0.15
High Blood Pressure Symptoms,7,46,10000,0,2652.25,0.6216216216216216
Beautiful Widgets Pro,7,97890,1000000,249,2428.0,0.6756756756756757
Beautiful Widgets Free,6,25035,1000000,0,2485.0,0.075
HD Widgets,7,58614,1000000,99,2533.0,0.4838709677419355
BZWBK24 mobile,7,64983,1000000,0,3091.5,0.43478260869565216
Cricbuzz - Live Cricket Scores & News,7,838738,50000000,0,3061.0,0.39473684210526316
Chrome Beta,7,228755,10000000,0,3123.0,0.47368421052631576
Chrome Dev,7,63576,5000000,0,3136.5,0.48717948717948717
Credit Karma,8,706618,10000000,0,3135.0,0.6285714285714286
"CM Launcher 3D - Theme, Wallpapers, Efficient",8,6700847,100000000,0,3137.5,0.5555555555555556
CM Locker - Security Lockscreen,8,3090680,100000000,0,3135.0,0.47674418604651164
"CM Flashlight (Compass, SOS)",7,166363,5000000,0,3068.0,1.0
Brit + Co,6,987,10000,0,2798.25,0.5
Curriculum vitae App CV Builder Free Resume Maker,7,4571,500000,0,3112.0,0.7368421052631579
CW Seed,7,16391,500000,0,3122.0,0.5555555555555556
"Cymera Camera- Photo Editor, Filter,Collage,Layout",7,2418165,100000000,0,3116.0,0.7307692307692307
"Face Filter, Selfie Editor - Sweet Camera",8,142758,10000000,0,3110.0,0.4117647058823529
COOKING MAMA Let's Cook!,7,528917,10000000,0,3130.0,0.5555555555555556
DRAGON BALL LEGENDS,8,338742,5000000,0,3137.5,0.5269461077844312
DC Comics,7,25673,1000000,0,3078.5,0.8888888888888888
"CallApp: Caller ID, Blocker & Phone Call Recorder",7,483782,10000000,0,3133.0,1.0
Google PDF Viewer,7,226453,10000000,0,2839.25,0.275
Dungeon Hunter Champions: Epic Online Action RPG,7,26307,1000000,0,3130.0,0.2
Duolingo: Learn Languages Free,8,6297590,100000000,0,3140.5,0.6916666666666667
"Free phone calls, free texting SMS on free number",7,412888,10000000,0,3135.0,0.5
"Any.do: To-do list, Calendar, Reminders & Planner",7,298854,10000000,0,3139.5,0.6224489795918368
Google Keep,7,691474,100000000,0,3140.5,0.425
Do It Later: Tasks & To-Dos,7,123412,50000000,0,3025.5,0.4117647058823529
ColorNote Notepad Notes,8,2401017,100000000,0,3100.5,0.8702290076335878
Apex Launcher,7,266434,10000000,0,3138.5,0.35
Dude Perfect 2,7,401648,10000000,0,2659.25,0.4166666666666667
Dairy Queen,6,742,100000,0,3129.0,0.6666666666666666
Dunkin' Donuts,7,68270,1000000,0,3093.5,0.7631578947368421
Dr. Panda & Toto's Treehouse,7,3397,50000,399,1804.5,0.6111111111111112
Cache Cleaner-DU Speed Booster (booster & cleaner),7,12759815,100000000,0,3129.0,0.5384615384615384
Equestria Girls,7,392819,10000000,0,2395.5,0.16216216216216217
"CBS Sports App - Scores, News, Stats & Watch Live",7,91035,5000000,0,3138.5,0.421875
Dictionary - Merriam-Webster,7,454412,10000000,0,3061.0,0.5
Edmodo,7,200214,10000000,0,3140.5,0.7428571428571429
Frozen Free Fall,7,1574546,50000000,0,3131.0,0.06666666666666667
Episode - Choose Your Story,7,1842381,50000000,0,3135.0,0.2875
CNBC: Breaking Business News & Live Market Data,7,24666,1000000,0,3117.0,0.4594594594594595
Google Earth,7,2339098,100000000,0,3091.5,0.34210526315789475
"Groupon - Shop Deals, Discounts & Coupons",8,1371082,50000000,0,3137.5,0.7083333333333334
Google News,6,878065,1000000000,0,3135.5,0.3333333333333333
Amino: Communities and Chats,8,1264084,10000000,0,3141.5,0.3142857142857143
A+ Gallery - Photos & Videos,7,223941,10000000,0,3140.5,0.4146341463414634
Home Workout - No Equipment,8,432160,10000000,0,3101.5,0.8846153846153846
Home Security Camera WardenCam - reuse old phones,7,43847,1000000,0,3110.0,0.5384615384615384
Food Network,7,7823,500000,0,3131.0,0.09859154929577464
Airway Ex - Intubate. Anesthetize. Train.,7,123,10000,0,3074.5,0.4358974358974359
FilterGrid - Cam&Photo Editor,8,126338,1000000,0,2631.75,0.37142857142857144
All Social Networks,7,22650,1000000,0,3064.0,-0.14705882352941177
Farm Heroes Saga,7,7615646,100000000,0,3141.5,0.02727272727272727
Fallout Shelter,8,2721923,10000000,0,3084.5,0.71875
Facebook Pages Manager,6,1279800,50000000,0,3140.5,-0.058823529411764705
Facebook Ads Manager,7,19051,1000000,0,3135.5,0.34285714285714286
Garena Free Fire,7,5534114,100000000,0,3137.5,0.24774774774774774
Fun Kid Racing - Motocross,7,59768,10000000,0,3141.5,0.5
Firefox Focus: The privacy browser,7,36981,1000000,0,3110.0,0.78125
